Bid_ID,Bidder_ID,zone,Day,start_time,end_time,demand_min_total,demand_max_total,demand_min_timesteps,demand_max_timesteps,Cost_Limit
1400,Two Wheelers,3,1,19,19,2928.4015303999995,20000000,[2928.4015303999995],[2928.4015303999995],600.0
1401,Two Wheelers,4,1,13,13,2928.4015303999995,20000000,[2928.4015303999995],[2928.4015303999995],600.0
1402,Two Wheelers,1,1,1,1,2928.4015303999995,20000000,[2928.4015303999995],[2928.4015303999995],600.0
1403,Two Wheelers,1,1,3,3,2928.4015303999995,20000000,[2928.4015303999995],[2928.4015303999995],600.0
1404,Two Wheelers,3,1,13,13,2928.4015303999995,20000000,[2928.4015303999995],[2928.4015303999995],600.0
1405,Two Wheelers,4,1,15,15,2928.4015303999995,20000000,[2928.4015303999995],[2928.4015303999995],600.0
1406,Two Wheelers,2,1,11,11,2928.4015303999995,20000000,[2928.4015303999995],[2928.4015303999995],600.0
1407,Two Wheelers,3,1,19,19,2928.4015303999995,20000000,[2928.4015303999995],[2928.4015303999995],600.0
1408,Two Wheelers,3,1,12,12,2928.4015303999995,20000000,[2928.4015303999995],[2928.4015303999995],600.0
1409,Two Wheelers,4,1,15,15,2928.4015303999995,20000000,[2928.4015303999995],[2928.4015303999995],600.0
1410,Two Wheelers,2,1,9,9,2928.4015303999995,20000000,[2928.4015303999995],[2928.4015303999995],600.0
1411,Two Wheelers,3,1,13,13,2928.4015303999995,20000000,[2928.4015303999995],[2928.4015303999995],600.0
1412,Two Wheelers,2,1,7,7,2928.4015303999995,20000000,[2928.4015303999995],[2928.4015303999995],600.0
1413,Two Wheelers,1,1,7,7,2928.4015303999995,20000000,[2928.4015303999995],[2928.4015303999995],600.0
1414,Two Wheelers,1,1,20,20,2928.4015303999995,20000000,[2928.4015303999995],[2928.4015303999995],600.0
1415,Two Wheelers,1,1,5,5,2928.4015303999995,20000000,[2928.4015303999995],[2928.4015303999995],600.0
1416,Two Wheelers,3,1,9,9,2928.4015303999995,20000000,[2928.4015303999995],[2928.4015303999995],600.0
1417,Two Wheelers,3,1,3,3,2928.4015303999995,20000000,[2928.4015303999995],[2928.4015303999995],600.0
1418,Two Wheelers,2,1,13,13,2928.4015303999995,20000000,[2928.4015303999995],[2928.4015303999995],600.0
1419,Two Wheelers,2,1,8,8,2928.4015303999995,20000000,[2928.4015303999995],[2928.4015303999995],600.0
1420,Two Wheelers,3,2,18,18,2928.4015303999995,20000000,[2928.4015303999995],[2928.4015303999995],600.0
1421,Two Wheelers,2,2,12,12,2928.4015303999995,20000000,[2928.4015303999995],[2928.4015303999995],600.0
1422,Two Wheelers,1,2,2,2,2928.4015303999995,20000000,[2928.4015303999995],[2928.4015303999995],600.0
1423,Two Wheelers,1,2,15,15,2928.4015303999995,20000000,[2928.4015303999995],[2928.4015303999995],600.0
1424,Two Wheelers,3,2,11,11,2928.4015303999995,20000000,[2928.4015303999995],[2928.4015303999995],600.0
1425,Two Wheelers,2,2,12,12,2928.4015303999995,20000000,[2928.4015303999995],[2928.4015303999995],600.0
1426,Two Wheelers,1,2,5,5,2928.4015303999995,20000000,[2928.4015303999995],[2928.4015303999995],600.0
1427,Two Wheelers,1,2,15,15,2928.4015303999995,20000000,[2928.4015303999995],[2928.4015303999995],600.0
1428,Two Wheelers,4,2,4,4,2928.4015303999995,20000000,[2928.4015303999995],[2928.4015303999995],600.0
1429,Two Wheelers,1,2,12,12,2928.4015303999995,20000000,[2928.4015303999995],[2928.4015303999995],600.0
1430,Two Wheelers,2,2,7,7,2928.4015303999995,20000000,[2928.4015303999995],[2928.4015303999995],600.0
1431,Two Wheelers,4,2,9,9,2928.4015303999995,20000000,[2928.4015303999995],[2928.4015303999995],600.0
1432,Two Wheelers,2,2,20,20,2928.4015303999995,20000000,[2928.4015303999995],[2928.4015303999995],600.0
1433,Two Wheelers,3,2,16,16,2928.4015303999995,20000000,[2928.4015303999995],[2928.4015303999995],600.0
1434,Two Wheelers,3,2,9,9,2928.4015303999995,20000000,[2928.4015303999995],[2928.4015303999995],600.0
1435,Two Wheelers,2,2,13,13,2928.4015303999995,20000000,[2928.4015303999995],[2928.4015303999995],600.0
1436,Two Wheelers,2,2,12,12,2928.4015303999995,20000000,[2928.4015303999995],[2928.4015303999995],600.0
1437,Two Wheelers,1,2,7,7,2928.4015303999995,20000000,[2928.4015303999995],[2928.4015303999995],600.0
1438,Two Wheelers,1,2,14,14,2928.4015303999995,20000000,[2928.4015303999995],[2928.4015303999995],600.0
1439,Two Wheelers,1,2,10,10,2928.4015303999995,20000000,[2928.4015303999995],[2928.4015303999995],600.0
1440,Two Wheelers,3,3,19,19,2928.4015303999995,20000000,[2928.4015303999995],[2928.4015303999995],600.0
1441,Two Wheelers,3,3,10,10,2928.4015303999995,20000000,[2928.4015303999995],[2928.4015303999995],600.0
1442,Two Wheelers,2,3,11,11,2928.4015303999995,20000000,[2928.4015303999995],[2928.4015303999995],600.0
1443,Two Wheelers,1,3,16,16,2928.4015303999995,20000000,[2928.4015303999995],[2928.4015303999995],600.0
1444,Two Wheelers,2,3,14,14,2928.4015303999995,20000000,[2928.4015303999995],[2928.4015303999995],600.0
1445,Two Wheelers,2,3,6,6,2928.4015303999995,20000000,[2928.4015303999995],[2928.4015303999995],600.0
1446,Two Wheelers,2,3,7,7,2928.4015303999995,20000000,[2928.4015303999995],[2928.4015303999995],600.0
1447,Two Wheelers,4,3,8,8,2928.4015303999995,20000000,[2928.4015303999995],[2928.4015303999995],600.0
1448,Two Wheelers,4,3,20,20,2928.4015303999995,20000000,[2928.4015303999995],[2928.4015303999995],600.0
1449,Two Wheelers,3,3,17,17,2928.4015303999995,20000000,[2928.4015303999995],[2928.4015303999995],600.0
1450,Two Wheelers,1,3,13,13,2928.4015303999995,20000000,[2928.4015303999995],[2928.4015303999995],600.0
1451,Two Wheelers,4,3,20,20,2928.4015303999995,20000000,[2928.4015303999995],[2928.4015303999995],600.0
1452,Two Wheelers,3,3,11,11,2928.4015303999995,20000000,[2928.4015303999995],[2928.4015303999995],600.0
1453,Two Wheelers,1,3,13,13,2928.4015303999995,20000000,[2928.4015303999995],[2928.4015303999995],600.0
1454,Two Wheelers,2,3,3,3,2928.4015303999995,20000000,[2928.4015303999995],[2928.4015303999995],600.0
1455,Two Wheelers,1,3,13,13,2928.4015303999995,20000000,[2928.4015303999995],[2928.4015303999995],600.0
1456,Two Wheelers,3,3,11,11,2928.4015303999995,20000000,[2928.4015303999995],[2928.4015303999995],600.0
1457,Two Wheelers,4,3,11,11,2928.4015303999995,20000000,[2928.4015303999995],[2928.4015303999995],600.0
1458,Two Wheelers,2,3,3,3,2928.4015303999995,20000000,[2928.4015303999995],[2928.4015303999995],600.0
1459,Two Wheelers,2,3,17,17,2928.4015303999995,20000000,[2928.4015303999995],[2928.4015303999995],600.0
1460,Two Wheelers,1,4,12,12,2928.4015303999995,20000000,[2928.4015303999995],[2928.4015303999995],600.0
1461,Two Wheelers,2,4,19,19,2928.4015303999995,20000000,[2928.4015303999995],[2928.4015303999995],600.0
1462,Two Wheelers,2,4,18,18,2928.4015303999995,20000000,[2928.4015303999995],[2928.4015303999995],600.0
1463,Two Wheelers,3,4,18,18,2928.4015303999995,20000000,[2928.4015303999995],[2928.4015303999995],600.0
1464,Two Wheelers,2,4,17,17,2928.4015303999995,20000000,[2928.4015303999995],[2928.4015303999995],600.0
1465,Two Wheelers,1,4,7,7,2928.4015303999995,20000000,[2928.4015303999995],[2928.4015303999995],600.0
1466,Two Wheelers,2,4,2,2,2928.4015303999995,20000000,[2928.4015303999995],[2928.4015303999995],600.0
1467,Two Wheelers,2,4,15,15,2928.4015303999995,20000000,[2928.4015303999995],[2928.4015303999995],600.0
1468,Two Wheelers,3,4,3,3,2928.4015303999995,20000000,[2928.4015303999995],[2928.4015303999995],600.0
1469,Two Wheelers,1,4,2,2,2928.4015303999995,20000000,[2928.4015303999995],[2928.4015303999995],600.0
1470,Two Wheelers,3,4,13,13,2928.4015303999995,20000000,[2928.4015303999995],[2928.4015303999995],600.0
1471,Two Wheelers,3,4,9,9,2928.4015303999995,20000000,[2928.4015303999995],[2928.4015303999995],600.0
1472,Two Wheelers,1,4,10,10,2928.4015303999995,20000000,[2928.4015303999995],[2928.4015303999995],600.0
1473,Two Wheelers,1,4,15,15,2928.4015303999995,20000000,[2928.4015303999995],[2928.4015303999995],600.0
1474,Two Wheelers,2,4,1,1,2928.4015303999995,20000000,[2928.4015303999995],[2928.4015303999995],600.0
1475,Two Wheelers,2,4,18,18,2928.4015303999995,20000000,[2928.4015303999995],[2928.4015303999995],600.0
1476,Two Wheelers,1,4,5,5,2928.4015303999995,20000000,[2928.4015303999995],[2928.4015303999995],600.0
1477,Two Wheelers,3,4,16,16,2928.4015303999995,20000000,[2928.4015303999995],[2928.4015303999995],600.0
1478,Two Wheelers,2,4,11,11,2928.4015303999995,20000000,[2928.4015303999995],[2928.4015303999995],600.0
1479,Two Wheelers,2,4,18,18,2928.4015303999995,20000000,[2928.4015303999995],[2928.4015303999995],600.0
1480,Two Wheelers,1,5,14,14,2928.4015303999995,20000000,[2928.4015303999995],[2928.4015303999995],600.0
1481,Two Wheelers,2,5,13,13,2928.4015303999995,20000000,[2928.4015303999995],[2928.4015303999995],600.0
1482,Two Wheelers,1,5,21,21,2928.4015303999995,20000000,[2928.4015303999995],[2928.4015303999995],600.0
1483,Two Wheelers,1,5,8,8,2928.4015303999995,20000000,[2928.4015303999995],[2928.4015303999995],600.0
1484,Two Wheelers,1,5,9,9,2928.4015303999995,20000000,[2928.4015303999995],[2928.4015303999995],600.0
1485,Two Wheelers,2,5,5,5,2928.4015303999995,20000000,[2928.4015303999995],[2928.4015303999995],600.0
1486,Two Wheelers,3,5,17,17,2928.4015303999995,20000000,[2928.4015303999995],[2928.4015303999995],600.0
1487,Two Wheelers,1,5,16,16,2928.4015303999995,20000000,[2928.4015303999995],[2928.4015303999995],600.0
1488,Two Wheelers,4,5,10,10,2928.4015303999995,20000000,[2928.4015303999995],[2928.4015303999995],600.0
1489,Two Wheelers,1,5,6,6,2928.4015303999995,20000000,[2928.4015303999995],[2928.4015303999995],600.0
1490,Two Wheelers,2,5,13,13,2928.4015303999995,20000000,[2928.4015303999995],[2928.4015303999995],600.0
1491,Two Wheelers,3,5,10,10,2928.4015303999995,20000000,[2928.4015303999995],[2928.4015303999995],600.0
1492,Two Wheelers,1,5,16,16,2928.4015303999995,20000000,[2928.4015303999995],[2928.4015303999995],600.0
1493,Two Wheelers,1,5,7,7,2928.4015303999995,20000000,[2928.4015303999995],[2928.4015303999995],600.0
1494,Two Wheelers,2,5,16,16,2928.4015303999995,20000000,[2928.4015303999995],[2928.4015303999995],600.0
1495,Two Wheelers,2,5,21,21,2928.4015303999995,20000000,[2928.4015303999995],[2928.4015303999995],600.0
1496,Two Wheelers,2,5,12,12,2928.4015303999995,20000000,[2928.4015303999995],[2928.4015303999995],600.0
1497,Two Wheelers,4,5,9,9,2928.4015303999995,20000000,[2928.4015303999995],[2928.4015303999995],600.0
1498,Two Wheelers,2,5,17,17,2928.4015303999995,20000000,[2928.4015303999995],[2928.4015303999995],600.0
1499,Two Wheelers,3,5,14,14,2928.4015303999995,20000000,[2928.4015303999995],[2928.4015303999995],600.0
1500,Two Wheelers,3,6,10,10,2928.4015303999995,20000000,[2928.4015303999995],[2928.4015303999995],600.0
1501,Two Wheelers,1,6,13,13,2928.4015303999995,20000000,[2928.4015303999995],[2928.4015303999995],600.0
1502,Two Wheelers,3,6,17,17,2928.4015303999995,20000000,[2928.4015303999995],[2928.4015303999995],600.0
1503,Two Wheelers,3,6,6,6,2928.4015303999995,20000000,[2928.4015303999995],[2928.4015303999995],600.0
1504,Two Wheelers,2,6,6,6,2928.4015303999995,20000000,[2928.4015303999995],[2928.4015303999995],600.0
1505,Two Wheelers,2,6,13,13,2928.4015303999995,20000000,[2928.4015303999995],[2928.4015303999995],600.0
1506,Two Wheelers,2,6,17,17,2928.4015303999995,20000000,[2928.4015303999995],[2928.4015303999995],600.0
1507,Two Wheelers,4,6,19,19,2928.4015303999995,20000000,[2928.4015303999995],[2928.4015303999995],600.0
1508,Two Wheelers,3,6,5,5,2928.4015303999995,20000000,[2928.4015303999995],[2928.4015303999995],600.0
1509,Two Wheelers,1,6,3,3,2928.4015303999995,20000000,[2928.4015303999995],[2928.4015303999995],600.0
1510,Two Wheelers,4,6,11,11,2928.4015303999995,20000000,[2928.4015303999995],[2928.4015303999995],600.0
1511,Two Wheelers,2,6,2,2,2928.4015303999995,20000000,[2928.4015303999995],[2928.4015303999995],600.0
1512,Two Wheelers,3,6,13,13,2928.4015303999995,20000000,[2928.4015303999995],[2928.4015303999995],600.0
1513,Two Wheelers,2,6,16,16,2928.4015303999995,20000000,[2928.4015303999995],[2928.4015303999995],600.0
1514,Two Wheelers,3,6,16,16,2928.4015303999995,20000000,[2928.4015303999995],[2928.4015303999995],600.0
1515,Two Wheelers,1,6,20,20,2928.4015303999995,20000000,[2928.4015303999995],[2928.4015303999995],600.0
1516,Two Wheelers,3,6,15,15,2928.4015303999995,20000000,[2928.4015303999995],[2928.4015303999995],600.0
1517,Two Wheelers,2,6,8,8,2928.4015303999995,20000000,[2928.4015303999995],[2928.4015303999995],600.0
1518,Two Wheelers,1,6,9,9,2928.4015303999995,20000000,[2928.4015303999995],[2928.4015303999995],600.0
1519,Two Wheelers,3,6,12,12,2928.4015303999995,20000000,[2928.4015303999995],[2928.4015303999995],600.0
1520,Two Wheelers,1,7,5,5,2928.4015303999995,20000000,[2928.4015303999995],[2928.4015303999995],600.0
1521,Two Wheelers,3,7,10,10,2928.4015303999995,20000000,[2928.4015303999995],[2928.4015303999995],600.0
1522,Two Wheelers,1,7,5,5,2928.4015303999995,20000000,[2928.4015303999995],[2928.4015303999995],600.0
1523,Two Wheelers,2,7,10,10,2928.4015303999995,20000000,[2928.4015303999995],[2928.4015303999995],600.0
1524,Two Wheelers,1,7,18,18,2928.4015303999995,20000000,[2928.4015303999995],[2928.4015303999995],600.0
1525,Two Wheelers,3,7,6,6,2928.4015303999995,20000000,[2928.4015303999995],[2928.4015303999995],600.0
1526,Two Wheelers,3,7,7,7,2928.4015303999995,20000000,[2928.4015303999995],[2928.4015303999995],600.0
1527,Two Wheelers,2,7,7,7,2928.4015303999995,20000000,[2928.4015303999995],[2928.4015303999995],600.0
1528,Two Wheelers,1,7,20,20,2928.4015303999995,20000000,[2928.4015303999995],[2928.4015303999995],600.0
1529,Two Wheelers,1,7,12,12,2928.4015303999995,20000000,[2928.4015303999995],[2928.4015303999995],600.0
1530,Two Wheelers,3,7,6,6,2928.4015303999995,20000000,[2928.4015303999995],[2928.4015303999995],600.0
1531,Two Wheelers,2,7,18,18,2928.4015303999995,20000000,[2928.4015303999995],[2928.4015303999995],600.0
1532,Two Wheelers,1,7,9,9,2928.4015303999995,20000000,[2928.4015303999995],[2928.4015303999995],600.0
1533,Two Wheelers,3,7,16,16,2928.4015303999995,20000000,[2928.4015303999995],[2928.4015303999995],600.0
1534,Two Wheelers,3,7,6,6,2928.4015303999995,20000000,[2928.4015303999995],[2928.4015303999995],600.0
1535,Two Wheelers,4,7,6,6,2928.4015303999995,20000000,[2928.4015303999995],[2928.4015303999995],600.0
1536,Two Wheelers,3,7,22,22,2928.4015303999995,20000000,[2928.4015303999995],[2928.4015303999995],600.0
1537,Two Wheelers,3,7,5,5,2928.4015303999995,20000000,[2928.4015303999995],[2928.4015303999995],600.0
1538,Two Wheelers,2,7,19,19,2928.4015303999995,20000000,[2928.4015303999995],[2928.4015303999995],600.0
1539,Two Wheelers,3,7,5,5,2928.4015303999995,20000000,[2928.4015303999995],[2928.4015303999995],600.0
1540,Four Wheelers,1,1,1,1,5937.882582,20000000,[5937.882582],[5937.882582],600.0
1541,Four Wheelers,3,1,4,4,5937.882582,20000000,[5937.882582],[5937.882582],600.0
1542,Four Wheelers,2,1,1,1,5937.882582,20000000,[5937.882582],[5937.882582],600.0
1543,Four Wheelers,4,1,5,5,5937.882582,20000000,[5937.882582],[5937.882582],600.0
1544,Four Wheelers,3,1,0,0,5937.882582,20000000,[5937.882582],[5937.882582],600.0
1545,Four Wheelers,3,1,3,3,5937.882582,20000000,[5937.882582],[5937.882582],600.0
1546,Four Wheelers,1,1,1,1,5937.882582,20000000,[5937.882582],[5937.882582],600.0
1547,Four Wheelers,4,1,5,5,5937.882582,20000000,[5937.882582],[5937.882582],600.0
1548,Four Wheelers,4,1,5,5,5937.882582,20000000,[5937.882582],[5937.882582],600.0
1549,Four Wheelers,3,1,2,2,5937.882582,20000000,[5937.882582],[5937.882582],600.0
1550,Four Wheelers,1,1,7,7,5937.882582,20000000,[5937.882582],[5937.882582],600.0
1551,Four Wheelers,2,1,1,1,5937.882582,20000000,[5937.882582],[5937.882582],600.0
1552,Four Wheelers,3,1,4,4,5937.882582,20000000,[5937.882582],[5937.882582],600.0
1553,Four Wheelers,2,1,2,2,5937.882582,20000000,[5937.882582],[5937.882582],600.0
1554,Four Wheelers,3,1,2,2,5937.882582,20000000,[5937.882582],[5937.882582],600.0
1555,Four Wheelers,3,1,3,3,5937.882582,20000000,[5937.882582],[5937.882582],600.0
1556,Four Wheelers,2,1,3,3,5937.882582,20000000,[5937.882582],[5937.882582],600.0
1557,Four Wheelers,3,1,5,5,5937.882582,20000000,[5937.882582],[5937.882582],600.0
1558,Four Wheelers,1,1,2,2,5937.882582,20000000,[5937.882582],[5937.882582],600.0
1559,Four Wheelers,3,1,5,5,5937.882582,20000000,[5937.882582],[5937.882582],600.0
1560,Four Wheelers,4,2,1,1,5937.882582,20000000,[5937.882582],[5937.882582],600.0
1561,Four Wheelers,2,2,2,2,5937.882582,20000000,[5937.882582],[5937.882582],600.0
1562,Four Wheelers,3,2,1,1,5937.882582,20000000,[5937.882582],[5937.882582],600.0
1563,Four Wheelers,3,2,2,2,5937.882582,20000000,[5937.882582],[5937.882582],600.0
1564,Four Wheelers,4,2,4,4,5937.882582,20000000,[5937.882582],[5937.882582],600.0
1565,Four Wheelers,1,2,2,2,5937.882582,20000000,[5937.882582],[5937.882582],600.0
1566,Four Wheelers,3,2,7,7,5937.882582,20000000,[5937.882582],[5937.882582],600.0
1567,Four Wheelers,2,2,7,7,5937.882582,20000000,[5937.882582],[5937.882582],600.0
1568,Four Wheelers,2,2,4,4,5937.882582,20000000,[5937.882582],[5937.882582],600.0
1569,Four Wheelers,2,2,3,3,5937.882582,20000000,[5937.882582],[5937.882582],600.0
1570,Four Wheelers,3,2,5,5,5937.882582,20000000,[5937.882582],[5937.882582],600.0
1571,Four Wheelers,1,2,3,3,5937.882582,20000000,[5937.882582],[5937.882582],600.0
1572,Four Wheelers,1,2,7,7,5937.882582,20000000,[5937.882582],[5937.882582],600.0
1573,Four Wheelers,1,2,3,3,5937.882582,20000000,[5937.882582],[5937.882582],600.0
1574,Four Wheelers,3,2,2,2,5937.882582,20000000,[5937.882582],[5937.882582],600.0
1575,Four Wheelers,1,2,3,3,5937.882582,20000000,[5937.882582],[5937.882582],600.0
1576,Four Wheelers,3,2,0,0,5937.882582,20000000,[5937.882582],[5937.882582],600.0
1577,Four Wheelers,1,2,2,2,5937.882582,20000000,[5937.882582],[5937.882582],600.0
1578,Four Wheelers,2,2,0,0,5937.882582,20000000,[5937.882582],[5937.882582],600.0
1579,Four Wheelers,3,2,5,5,5937.882582,20000000,[5937.882582],[5937.882582],600.0
1580,Four Wheelers,3,3,5,5,5937.882582,20000000,[5937.882582],[5937.882582],600.0
1581,Four Wheelers,2,3,2,2,5937.882582,20000000,[5937.882582],[5937.882582],600.0
1582,Four Wheelers,4,3,4,4,5937.882582,20000000,[5937.882582],[5937.882582],600.0
1583,Four Wheelers,2,3,4,4,5937.882582,20000000,[5937.882582],[5937.882582],600.0
1584,Four Wheelers,2,3,5,5,5937.882582,20000000,[5937.882582],[5937.882582],600.0
1585,Four Wheelers,2,3,0,0,5937.882582,20000000,[5937.882582],[5937.882582],600.0
1586,Four Wheelers,3,3,2,2,5937.882582,20000000,[5937.882582],[5937.882582],600.0
1587,Four Wheelers,1,3,1,1,5937.882582,20000000,[5937.882582],[5937.882582],600.0
1588,Four Wheelers,3,3,0,0,5937.882582,20000000,[5937.882582],[5937.882582],600.0
1589,Four Wheelers,1,3,2,2,5937.882582,20000000,[5937.882582],[5937.882582],600.0
1590,Four Wheelers,2,3,0,0,5937.882582,20000000,[5937.882582],[5937.882582],600.0
1591,Four Wheelers,4,3,1,1,5937.882582,20000000,[5937.882582],[5937.882582],600.0
1592,Four Wheelers,1,3,0,0,5937.882582,20000000,[5937.882582],[5937.882582],600.0
1593,Four Wheelers,2,3,0,0,5937.882582,20000000,[5937.882582],[5937.882582],600.0
1594,Four Wheelers,2,3,6,6,5937.882582,20000000,[5937.882582],[5937.882582],600.0
1595,Four Wheelers,3,3,5,5,5937.882582,20000000,[5937.882582],[5937.882582],600.0
1596,Four Wheelers,3,3,2,2,5937.882582,20000000,[5937.882582],[5937.882582],600.0
1597,Four Wheelers,3,3,5,5,5937.882582,20000000,[5937.882582],[5937.882582],600.0
1598,Four Wheelers,4,3,2,2,5937.882582,20000000,[5937.882582],[5937.882582],600.0
1599,Four Wheelers,1,3,5,5,5937.882582,20000000,[5937.882582],[5937.882582],600.0
1600,Four Wheelers,1,4,3,3,5937.882582,20000000,[5937.882582],[5937.882582],600.0
1601,Four Wheelers,3,4,2,2,5937.882582,20000000,[5937.882582],[5937.882582],600.0
1602,Four Wheelers,3,4,1,1,5937.882582,20000000,[5937.882582],[5937.882582],600.0
1603,Four Wheelers,1,4,1,1,5937.882582,20000000,[5937.882582],[5937.882582],600.0
1604,Four Wheelers,1,4,0,0,5937.882582,20000000,[5937.882582],[5937.882582],600.0
1605,Four Wheelers,3,4,0,0,5937.882582,20000000,[5937.882582],[5937.882582],600.0
1606,Four Wheelers,2,4,0,0,5937.882582,20000000,[5937.882582],[5937.882582],600.0
1607,Four Wheelers,1,4,1,1,5937.882582,20000000,[5937.882582],[5937.882582],600.0
1608,Four Wheelers,3,4,5,5,5937.882582,20000000,[5937.882582],[5937.882582],600.0
1609,Four Wheelers,1,4,4,4,5937.882582,20000000,[5937.882582],[5937.882582],600.0
1610,Four Wheelers,2,4,3,3,5937.882582,20000000,[5937.882582],[5937.882582],600.0
1611,Four Wheelers,1,4,3,3,5937.882582,20000000,[5937.882582],[5937.882582],600.0
1612,Four Wheelers,2,4,4,4,5937.882582,20000000,[5937.882582],[5937.882582],600.0
1613,Four Wheelers,2,4,4,4,5937.882582,20000000,[5937.882582],[5937.882582],600.0
1614,Four Wheelers,1,4,1,1,5937.882582,20000000,[5937.882582],[5937.882582],600.0
1615,Four Wheelers,2,4,2,2,5937.882582,20000000,[5937.882582],[5937.882582],600.0
1616,Four Wheelers,2,4,3,3,5937.882582,20000000,[5937.882582],[5937.882582],600.0
1617,Four Wheelers,2,4,4,4,5937.882582,20000000,[5937.882582],[5937.882582],600.0
1618,Four Wheelers,1,4,3,3,5937.882582,20000000,[5937.882582],[5937.882582],600.0
1619,Four Wheelers,2,4,3,3,5937.882582,20000000,[5937.882582],[5937.882582],600.0
1620,Four Wheelers,4,5,2,2,5937.882582,20000000,[5937.882582],[5937.882582],600.0
1621,Four Wheelers,3,5,1,1,5937.882582,20000000,[5937.882582],[5937.882582],600.0
1622,Four Wheelers,1,5,0,0,5937.882582,20000000,[5937.882582],[5937.882582],600.0
1623,Four Wheelers,3,5,3,3,5937.882582,20000000,[5937.882582],[5937.882582],600.0
1624,Four Wheelers,2,5,3,3,5937.882582,20000000,[5937.882582],[5937.882582],600.0
1625,Four Wheelers,1,5,3,3,5937.882582,20000000,[5937.882582],[5937.882582],600.0
1626,Four Wheelers,1,5,3,3,5937.882582,20000000,[5937.882582],[5937.882582],600.0
1627,Four Wheelers,1,5,3,3,5937.882582,20000000,[5937.882582],[5937.882582],600.0
1628,Four Wheelers,3,5,2,2,5937.882582,20000000,[5937.882582],[5937.882582],600.0
1629,Four Wheelers,1,5,4,4,5937.882582,20000000,[5937.882582],[5937.882582],600.0
1630,Four Wheelers,1,5,1,1,5937.882582,20000000,[5937.882582],[5937.882582],600.0
1631,Four Wheelers,1,5,4,4,5937.882582,20000000,[5937.882582],[5937.882582],600.0
1632,Four Wheelers,2,5,1,1,5937.882582,20000000,[5937.882582],[5937.882582],600.0
1633,Four Wheelers,2,5,6,6,5937.882582,20000000,[5937.882582],[5937.882582],600.0
1634,Four Wheelers,2,5,6,6,5937.882582,20000000,[5937.882582],[5937.882582],600.0
1635,Four Wheelers,3,5,2,2,5937.882582,20000000,[5937.882582],[5937.882582],600.0
1636,Four Wheelers,1,5,2,2,5937.882582,20000000,[5937.882582],[5937.882582],600.0
1637,Four Wheelers,1,5,2,2,5937.882582,20000000,[5937.882582],[5937.882582],600.0
1638,Four Wheelers,3,5,0,0,5937.882582,20000000,[5937.882582],[5937.882582],600.0
1639,Four Wheelers,1,5,4,4,5937.882582,20000000,[5937.882582],[5937.882582],600.0
1640,Four Wheelers,2,6,6,6,5937.882582,20000000,[5937.882582],[5937.882582],600.0
1641,Four Wheelers,3,6,2,2,5937.882582,20000000,[5937.882582],[5937.882582],600.0
1642,Four Wheelers,3,6,2,2,5937.882582,20000000,[5937.882582],[5937.882582],600.0
1643,Four Wheelers,2,6,4,4,5937.882582,20000000,[5937.882582],[5937.882582],600.0
1644,Four Wheelers,3,6,3,3,5937.882582,20000000,[5937.882582],[5937.882582],600.0
1645,Four Wheelers,3,6,3,3,5937.882582,20000000,[5937.882582],[5937.882582],600.0
1646,Four Wheelers,2,6,4,4,5937.882582,20000000,[5937.882582],[5937.882582],600.0
1647,Four Wheelers,1,6,2,2,5937.882582,20000000,[5937.882582],[5937.882582],600.0
1648,Four Wheelers,4,6,4,4,5937.882582,20000000,[5937.882582],[5937.882582],600.0
1649,Four Wheelers,1,6,1,1,5937.882582,20000000,[5937.882582],[5937.882582],600.0
1650,Four Wheelers,4,6,0,0,5937.882582,20000000,[5937.882582],[5937.882582],600.0
1651,Four Wheelers,2,6,3,3,5937.882582,20000000,[5937.882582],[5937.882582],600.0
1652,Four Wheelers,3,6,2,2,5937.882582,20000000,[5937.882582],[5937.882582],600.0
1653,Four Wheelers,2,6,2,2,5937.882582,20000000,[5937.882582],[5937.882582],600.0
1654,Four Wheelers,2,6,0,0,5937.882582,20000000,[5937.882582],[5937.882582],600.0
1655,Four Wheelers,2,6,6,6,5937.882582,20000000,[5937.882582],[5937.882582],600.0
1656,Four Wheelers,3,6,4,4,5937.882582,20000000,[5937.882582],[5937.882582],600.0
1657,Four Wheelers,1,6,1,1,5937.882582,20000000,[5937.882582],[5937.882582],600.0
1658,Four Wheelers,3,6,5,5,5937.882582,20000000,[5937.882582],[5937.882582],600.0
1659,Four Wheelers,2,6,2,2,5937.882582,20000000,[5937.882582],[5937.882582],600.0
1660,Four Wheelers,2,7,1,1,5937.882582,20000000,[5937.882582],[5937.882582],600.0
1661,Four Wheelers,3,7,2,2,5937.882582,20000000,[5937.882582],[5937.882582],600.0
1662,Four Wheelers,3,7,0,0,5937.882582,20000000,[5937.882582],[5937.882582],600.0
1663,Four Wheelers,3,7,0,0,5937.882582,20000000,[5937.882582],[5937.882582],600.0
1664,Four Wheelers,3,7,3,3,5937.882582,20000000,[5937.882582],[5937.882582],600.0
1665,Four Wheelers,2,7,7,7,5937.882582,20000000,[5937.882582],[5937.882582],600.0
1666,Four Wheelers,1,7,3,3,5937.882582,20000000,[5937.882582],[5937.882582],600.0
1667,Four Wheelers,3,7,1,1,5937.882582,20000000,[5937.882582],[5937.882582],600.0
1668,Four Wheelers,3,7,3,3,5937.882582,20000000,[5937.882582],[5937.882582],600.0
1669,Four Wheelers,2,7,4,4,5937.882582,20000000,[5937.882582],[5937.882582],600.0
1670,Four Wheelers,3,7,3,3,5937.882582,20000000,[5937.882582],[5937.882582],600.0
1671,Four Wheelers,1,7,3,3,5937.882582,20000000,[5937.882582],[5937.882582],600.0
1672,Four Wheelers,4,7,5,5,5937.882582,20000000,[5937.882582],[5937.882582],600.0
1673,Four Wheelers,1,7,0,0,5937.882582,20000000,[5937.882582],[5937.882582],600.0
1674,Four Wheelers,4,7,4,4,5937.882582,20000000,[5937.882582],[5937.882582],600.0
1675,Four Wheelers,1,7,4,4,5937.882582,20000000,[5937.882582],[5937.882582],600.0
1676,Four Wheelers,1,7,3,3,5937.882582,20000000,[5937.882582],[5937.882582],600.0
1677,Four Wheelers,2,7,2,2,5937.882582,20000000,[5937.882582],[5937.882582],600.0
1678,Four Wheelers,1,7,4,4,5937.882582,20000000,[5937.882582],[5937.882582],600.0
1679,Four Wheelers,3,7,2,2,5937.882582,20000000,[5937.882582],[5937.882582],600.0
1680,Class 6 HDV,3,1,2,2,12205.890863999999,20000000,[12205.890863999999],[12205.890863999999],600.0
1681,Class 6 HDV,1,1,5,5,12205.890863999999,20000000,[12205.890863999999],[12205.890863999999],600.0
1682,Class 6 HDV,1,1,3,3,12205.890863999999,20000000,[12205.890863999999],[12205.890863999999],600.0
1683,Class 6 HDV,2,1,2,2,12205.890863999999,20000000,[12205.890863999999],[12205.890863999999],600.0
1684,Class 6 HDV,2,1,4,4,12205.890863999999,20000000,[12205.890863999999],[12205.890863999999],600.0
1685,Class 6 HDV,3,1,3,3,12205.890863999999,20000000,[12205.890863999999],[12205.890863999999],600.0
1686,Class 6 HDV,2,1,2,2,12205.890863999999,20000000,[12205.890863999999],[12205.890863999999],600.0
1687,Class 6 HDV,3,1,3,3,12205.890863999999,20000000,[12205.890863999999],[12205.890863999999],600.0
1688,Class 6 HDV,1,1,2,2,12205.890863999999,20000000,[12205.890863999999],[12205.890863999999],600.0
1689,Class 6 HDV,1,1,2,2,12205.890863999999,20000000,[12205.890863999999],[12205.890863999999],600.0
1690,Class 6 HDV,2,1,0,0,12205.890863999999,20000000,[12205.890863999999],[12205.890863999999],600.0
1691,Class 6 HDV,1,1,1,1,12205.890863999999,20000000,[12205.890863999999],[12205.890863999999],600.0
1692,Class 6 HDV,2,1,1,1,12205.890863999999,20000000,[12205.890863999999],[12205.890863999999],600.0
1693,Class 6 HDV,1,1,5,5,12205.890863999999,20000000,[12205.890863999999],[12205.890863999999],600.0
1694,Class 6 HDV,1,1,5,5,12205.890863999999,20000000,[12205.890863999999],[12205.890863999999],600.0
1695,Class 6 HDV,1,1,0,0,12205.890863999999,20000000,[12205.890863999999],[12205.890863999999],600.0
1696,Class 6 HDV,2,1,1,1,12205.890863999999,20000000,[12205.890863999999],[12205.890863999999],600.0
1697,Class 6 HDV,2,1,5,5,12205.890863999999,20000000,[12205.890863999999],[12205.890863999999],600.0
1698,Class 6 HDV,1,1,6,6,12205.890863999999,20000000,[12205.890863999999],[12205.890863999999],600.0
1699,Class 6 HDV,2,1,2,2,12205.890863999999,20000000,[12205.890863999999],[12205.890863999999],600.0
1700,Class 6 HDV,4,2,5,5,12205.890863999999,20000000,[12205.890863999999],[12205.890863999999],600.0
1701,Class 6 HDV,2,2,4,4,12205.890863999999,20000000,[12205.890863999999],[12205.890863999999],600.0
1702,Class 6 HDV,2,2,3,3,12205.890863999999,20000000,[12205.890863999999],[12205.890863999999],600.0
1703,Class 6 HDV,2,2,2,2,12205.890863999999,20000000,[12205.890863999999],[12205.890863999999],600.0
1704,Class 6 HDV,1,2,1,1,12205.890863999999,20000000,[12205.890863999999],[12205.890863999999],600.0
1705,Class 6 HDV,3,2,6,6,12205.890863999999,20000000,[12205.890863999999],[12205.890863999999],600.0
1706,Class 6 HDV,2,2,4,4,12205.890863999999,20000000,[12205.890863999999],[12205.890863999999],600.0
1707,Class 6 HDV,1,2,2,2,12205.890863999999,20000000,[12205.890863999999],[12205.890863999999],600.0
1708,Class 6 HDV,2,2,4,4,12205.890863999999,20000000,[12205.890863999999],[12205.890863999999],600.0
1709,Class 6 HDV,1,2,1,1,12205.890863999999,20000000,[12205.890863999999],[12205.890863999999],600.0
1710,Class 6 HDV,3,2,1,1,12205.890863999999,20000000,[12205.890863999999],[12205.890863999999],600.0
1711,Class 6 HDV,3,2,6,6,12205.890863999999,20000000,[12205.890863999999],[12205.890863999999],600.0
1712,Class 6 HDV,1,2,2,2,12205.890863999999,20000000,[12205.890863999999],[12205.890863999999],600.0
1713,Class 6 HDV,3,2,2,2,12205.890863999999,20000000,[12205.890863999999],[12205.890863999999],600.0
1714,Class 6 HDV,1,2,2,2,12205.890863999999,20000000,[12205.890863999999],[12205.890863999999],600.0
1715,Class 6 HDV,2,2,1,1,12205.890863999999,20000000,[12205.890863999999],[12205.890863999999],600.0
1716,Class 6 HDV,3,2,7,7,12205.890863999999,20000000,[12205.890863999999],[12205.890863999999],600.0
1717,Class 6 HDV,1,2,5,5,12205.890863999999,20000000,[12205.890863999999],[12205.890863999999],600.0
1718,Class 6 HDV,2,2,3,3,12205.890863999999,20000000,[12205.890863999999],[12205.890863999999],600.0
1719,Class 6 HDV,2,2,4,4,12205.890863999999,20000000,[12205.890863999999],[12205.890863999999],600.0
1720,Class 6 HDV,1,3,3,3,12205.890863999999,20000000,[12205.890863999999],[12205.890863999999],600.0
1721,Class 6 HDV,1,3,6,6,12205.890863999999,20000000,[12205.890863999999],[12205.890863999999],600.0
1722,Class 6 HDV,4,3,5,5,12205.890863999999,20000000,[12205.890863999999],[12205.890863999999],600.0
1723,Class 6 HDV,2,3,3,3,12205.890863999999,20000000,[12205.890863999999],[12205.890863999999],600.0
1724,Class 6 HDV,3,3,0,0,12205.890863999999,20000000,[12205.890863999999],[12205.890863999999],600.0
1725,Class 6 HDV,1,3,3,3,12205.890863999999,20000000,[12205.890863999999],[12205.890863999999],600.0
1726,Class 6 HDV,1,3,0,0,12205.890863999999,20000000,[12205.890863999999],[12205.890863999999],600.0
1727,Class 6 HDV,2,3,4,4,12205.890863999999,20000000,[12205.890863999999],[12205.890863999999],600.0
1728,Class 6 HDV,1,3,4,4,12205.890863999999,20000000,[12205.890863999999],[12205.890863999999],600.0
1729,Class 6 HDV,3,3,4,4,12205.890863999999,20000000,[12205.890863999999],[12205.890863999999],600.0
1730,Class 6 HDV,1,3,5,5,12205.890863999999,20000000,[12205.890863999999],[12205.890863999999],600.0
1731,Class 6 HDV,4,3,5,5,12205.890863999999,20000000,[12205.890863999999],[12205.890863999999],600.0
1732,Class 6 HDV,2,3,1,1,12205.890863999999,20000000,[12205.890863999999],[12205.890863999999],600.0
1733,Class 6 HDV,2,3,2,2,12205.890863999999,20000000,[12205.890863999999],[12205.890863999999],600.0
1734,Class 6 HDV,2,3,3,3,12205.890863999999,20000000,[12205.890863999999],[12205.890863999999],600.0
1735,Class 6 HDV,2,3,0,0,12205.890863999999,20000000,[12205.890863999999],[12205.890863999999],600.0
1736,Class 6 HDV,3,3,5,5,12205.890863999999,20000000,[12205.890863999999],[12205.890863999999],600.0
1737,Class 6 HDV,2,3,2,2,12205.890863999999,20000000,[12205.890863999999],[12205.890863999999],600.0
1738,Class 6 HDV,1,3,3,3,12205.890863999999,20000000,[12205.890863999999],[12205.890863999999],600.0
1739,Class 6 HDV,1,3,5,5,12205.890863999999,20000000,[12205.890863999999],[12205.890863999999],600.0
1740,Class 6 HDV,3,4,4,4,12205.890863999999,20000000,[12205.890863999999],[12205.890863999999],600.0
1741,Class 6 HDV,3,4,2,2,12205.890863999999,20000000,[12205.890863999999],[12205.890863999999],600.0
1742,Class 6 HDV,1,4,4,4,12205.890863999999,20000000,[12205.890863999999],[12205.890863999999],600.0
1743,Class 6 HDV,3,4,6,6,12205.890863999999,20000000,[12205.890863999999],[12205.890863999999],600.0
1744,Class 6 HDV,2,4,2,2,12205.890863999999,20000000,[12205.890863999999],[12205.890863999999],600.0
1745,Class 6 HDV,2,4,4,4,12205.890863999999,20000000,[12205.890863999999],[12205.890863999999],600.0
1746,Class 6 HDV,4,4,2,2,12205.890863999999,20000000,[12205.890863999999],[12205.890863999999],600.0
1747,Class 6 HDV,1,4,6,6,12205.890863999999,20000000,[12205.890863999999],[12205.890863999999],600.0
1748,Class 6 HDV,2,4,3,3,12205.890863999999,20000000,[12205.890863999999],[12205.890863999999],600.0
1749,Class 6 HDV,1,4,5,5,12205.890863999999,20000000,[12205.890863999999],[12205.890863999999],600.0
1750,Class 6 HDV,3,4,1,1,12205.890863999999,20000000,[12205.890863999999],[12205.890863999999],600.0
1751,Class 6 HDV,3,4,4,4,12205.890863999999,20000000,[12205.890863999999],[12205.890863999999],600.0
1752,Class 6 HDV,2,4,1,1,12205.890863999999,20000000,[12205.890863999999],[12205.890863999999],600.0
1753,Class 6 HDV,3,4,5,5,12205.890863999999,20000000,[12205.890863999999],[12205.890863999999],600.0
1754,Class 6 HDV,4,4,4,4,12205.890863999999,20000000,[12205.890863999999],[12205.890863999999],600.0
1755,Class 6 HDV,4,4,2,2,12205.890863999999,20000000,[12205.890863999999],[12205.890863999999],600.0
1756,Class 6 HDV,1,4,6,6,12205.890863999999,20000000,[12205.890863999999],[12205.890863999999],600.0
1757,Class 6 HDV,4,4,3,3,12205.890863999999,20000000,[12205.890863999999],[12205.890863999999],600.0
1758,Class 6 HDV,3,4,3,3,12205.890863999999,20000000,[12205.890863999999],[12205.890863999999],600.0
1759,Class 6 HDV,2,4,4,4,12205.890863999999,20000000,[12205.890863999999],[12205.890863999999],600.0
1760,Class 6 HDV,1,5,7,7,12205.890863999999,20000000,[12205.890863999999],[12205.890863999999],600.0
1761,Class 6 HDV,3,5,8,8,12205.890863999999,20000000,[12205.890863999999],[12205.890863999999],600.0
1762,Class 6 HDV,1,5,4,4,12205.890863999999,20000000,[12205.890863999999],[12205.890863999999],600.0
1763,Class 6 HDV,3,5,6,6,12205.890863999999,20000000,[12205.890863999999],[12205.890863999999],600.0
1764,Class 6 HDV,2,5,2,2,12205.890863999999,20000000,[12205.890863999999],[12205.890863999999],600.0
1765,Class 6 HDV,2,5,4,4,12205.890863999999,20000000,[12205.890863999999],[12205.890863999999],600.0
1766,Class 6 HDV,3,5,1,1,12205.890863999999,20000000,[12205.890863999999],[12205.890863999999],600.0
1767,Class 6 HDV,1,5,4,4,12205.890863999999,20000000,[12205.890863999999],[12205.890863999999],600.0
1768,Class 6 HDV,2,5,4,4,12205.890863999999,20000000,[12205.890863999999],[12205.890863999999],600.0
1769,Class 6 HDV,2,5,3,3,12205.890863999999,20000000,[12205.890863999999],[12205.890863999999],600.0
1770,Class 6 HDV,2,5,3,3,12205.890863999999,20000000,[12205.890863999999],[12205.890863999999],600.0
1771,Class 6 HDV,1,5,4,4,12205.890863999999,20000000,[12205.890863999999],[12205.890863999999],600.0
1772,Class 6 HDV,4,5,5,5,12205.890863999999,20000000,[12205.890863999999],[12205.890863999999],600.0
1773,Class 6 HDV,2,5,2,2,12205.890863999999,20000000,[12205.890863999999],[12205.890863999999],600.0
1774,Class 6 HDV,2,5,3,3,12205.890863999999,20000000,[12205.890863999999],[12205.890863999999],600.0
1775,Class 6 HDV,2,5,4,4,12205.890863999999,20000000,[12205.890863999999],[12205.890863999999],600.0
1776,Class 6 HDV,3,5,6,6,12205.890863999999,20000000,[12205.890863999999],[12205.890863999999],600.0
1777,Class 6 HDV,1,5,3,3,12205.890863999999,20000000,[12205.890863999999],[12205.890863999999],600.0
1778,Class 6 HDV,3,5,7,7,12205.890863999999,20000000,[12205.890863999999],[12205.890863999999],600.0
1779,Class 6 HDV,3,5,6,6,12205.890863999999,20000000,[12205.890863999999],[12205.890863999999],600.0
1780,Class 6 HDV,4,6,4,4,12205.890863999999,20000000,[12205.890863999999],[12205.890863999999],600.0
1781,Class 6 HDV,3,6,2,2,12205.890863999999,20000000,[12205.890863999999],[12205.890863999999],600.0
1782,Class 6 HDV,1,6,7,7,12205.890863999999,20000000,[12205.890863999999],[12205.890863999999],600.0
1783,Class 6 HDV,3,6,5,5,12205.890863999999,20000000,[12205.890863999999],[12205.890863999999],600.0
1784,Class 6 HDV,4,6,2,2,12205.890863999999,20000000,[12205.890863999999],[12205.890863999999],600.0
1785,Class 6 HDV,1,6,2,2,12205.890863999999,20000000,[12205.890863999999],[12205.890863999999],600.0
1786,Class 6 HDV,1,6,1,1,12205.890863999999,20000000,[12205.890863999999],[12205.890863999999],600.0
1787,Class 6 HDV,2,6,6,6,12205.890863999999,20000000,[12205.890863999999],[12205.890863999999],600.0
1788,Class 6 HDV,1,6,2,2,12205.890863999999,20000000,[12205.890863999999],[12205.890863999999],600.0
1789,Class 6 HDV,2,6,7,7,12205.890863999999,20000000,[12205.890863999999],[12205.890863999999],600.0
1790,Class 6 HDV,2,6,6,6,12205.890863999999,20000000,[12205.890863999999],[12205.890863999999],600.0
1791,Class 6 HDV,1,6,4,4,12205.890863999999,20000000,[12205.890863999999],[12205.890863999999],600.0
1792,Class 6 HDV,3,6,1,1,12205.890863999999,20000000,[12205.890863999999],[12205.890863999999],600.0
1793,Class 6 HDV,2,6,0,0,12205.890863999999,20000000,[12205.890863999999],[12205.890863999999],600.0
1794,Class 6 HDV,1,6,2,2,12205.890863999999,20000000,[12205.890863999999],[12205.890863999999],600.0
1795,Class 6 HDV,4,6,3,3,12205.890863999999,20000000,[12205.890863999999],[12205.890863999999],600.0
1796,Class 6 HDV,1,6,3,3,12205.890863999999,20000000,[12205.890863999999],[12205.890863999999],600.0
1797,Class 6 HDV,2,6,6,6,12205.890863999999,20000000,[12205.890863999999],[12205.890863999999],600.0
1798,Class 6 HDV,4,6,5,5,12205.890863999999,20000000,[12205.890863999999],[12205.890863999999],600.0
1799,Class 6 HDV,2,6,1,1,12205.890863999999,20000000,[12205.890863999999],[12205.890863999999],600.0
1800,Class 6 HDV,1,7,0,0,12205.890863999999,20000000,[12205.890863999999],[12205.890863999999],600.0
1801,Class 6 HDV,2,7,5,5,12205.890863999999,20000000,[12205.890863999999],[12205.890863999999],600.0
1802,Class 6 HDV,1,7,5,5,12205.890863999999,20000000,[12205.890863999999],[12205.890863999999],600.0
1803,Class 6 HDV,1,7,6,6,12205.890863999999,20000000,[12205.890863999999],[12205.890863999999],600.0
1804,Class 6 HDV,1,7,4,4,12205.890863999999,20000000,[12205.890863999999],[12205.890863999999],600.0
1805,Class 6 HDV,2,7,4,4,12205.890863999999,20000000,[12205.890863999999],[12205.890863999999],600.0
1806,Class 6 HDV,3,7,3,3,12205.890863999999,20000000,[12205.890863999999],[12205.890863999999],600.0
1807,Class 6 HDV,2,7,2,2,12205.890863999999,20000000,[12205.890863999999],[12205.890863999999],600.0
1808,Class 6 HDV,1,7,3,3,12205.890863999999,20000000,[12205.890863999999],[12205.890863999999],600.0
1809,Class 6 HDV,1,7,5,5,12205.890863999999,20000000,[12205.890863999999],[12205.890863999999],600.0
1810,Class 6 HDV,2,7,1,1,12205.890863999999,20000000,[12205.890863999999],[12205.890863999999],600.0
1811,Class 6 HDV,2,7,1,1,12205.890863999999,20000000,[12205.890863999999],[12205.890863999999],600.0
1812,Class 6 HDV,1,7,1,1,12205.890863999999,20000000,[12205.890863999999],[12205.890863999999],600.0
1813,Class 6 HDV,2,7,5,5,12205.890863999999,20000000,[12205.890863999999],[12205.890863999999],600.0
1814,Class 6 HDV,4,7,3,3,12205.890863999999,20000000,[12205.890863999999],[12205.890863999999],600.0
1815,Class 6 HDV,1,7,3,3,12205.890863999999,20000000,[12205.890863999999],[12205.890863999999],600.0
1816,Class 6 HDV,1,7,5,5,12205.890863999999,20000000,[12205.890863999999],[12205.890863999999],600.0
1817,Class 6 HDV,2,7,8,8,12205.890863999999,20000000,[12205.890863999999],[12205.890863999999],600.0
1818,Class 6 HDV,1,7,1,1,12205.890863999999,20000000,[12205.890863999999],[12205.890863999999],600.0
1819,Class 6 HDV,2,7,4,4,12205.890863999999,20000000,[12205.890863999999],[12205.890863999999],600.0
1820,Class 8 HDV,1,1,4,4,5537.0716905,20000000,[5537.0716905],[5537.0716905],600.0
1821,Class 8 HDV,3,1,2,2,5537.0716905,20000000,[5537.0716905],[5537.0716905],600.0
1822,Class 8 HDV,3,1,5,5,5537.0716905,20000000,[5537.0716905],[5537.0716905],600.0
1823,Class 8 HDV,2,1,1,1,5537.0716905,20000000,[5537.0716905],[5537.0716905],600.0
1824,Class 8 HDV,1,1,4,4,5537.0716905,20000000,[5537.0716905],[5537.0716905],600.0
1825,Class 8 HDV,3,1,1,1,5537.0716905,20000000,[5537.0716905],[5537.0716905],600.0
1826,Class 8 HDV,3,1,1,1,5537.0716905,20000000,[5537.0716905],[5537.0716905],600.0
1827,Class 8 HDV,4,1,0,0,5537.0716905,20000000,[5537.0716905],[5537.0716905],600.0
1828,Class 8 HDV,1,1,2,2,5537.0716905,20000000,[5537.0716905],[5537.0716905],600.0
1829,Class 8 HDV,3,1,5,5,5537.0716905,20000000,[5537.0716905],[5537.0716905],600.0
1830,Class 8 HDV,2,1,5,5,5537.0716905,20000000,[5537.0716905],[5537.0716905],600.0
1831,Class 8 HDV,1,1,1,1,5537.0716905,20000000,[5537.0716905],[5537.0716905],600.0
1832,Class 8 HDV,3,1,6,6,5537.0716905,20000000,[5537.0716905],[5537.0716905],600.0
1833,Class 8 HDV,1,1,1,1,5537.0716905,20000000,[5537.0716905],[5537.0716905],600.0
1834,Class 8 HDV,3,1,7,7,5537.0716905,20000000,[5537.0716905],[5537.0716905],600.0
1835,Class 8 HDV,4,1,2,2,5537.0716905,20000000,[5537.0716905],[5537.0716905],600.0
1836,Class 8 HDV,4,1,2,2,5537.0716905,20000000,[5537.0716905],[5537.0716905],600.0
1837,Class 8 HDV,3,1,7,7,5537.0716905,20000000,[5537.0716905],[5537.0716905],600.0
1838,Class 8 HDV,2,1,2,2,5537.0716905,20000000,[5537.0716905],[5537.0716905],600.0
1839,Class 8 HDV,2,1,6,6,5537.0716905,20000000,[5537.0716905],[5537.0716905],600.0
1840,Class 8 HDV,3,2,2,2,5537.0716905,20000000,[5537.0716905],[5537.0716905],600.0
1841,Class 8 HDV,1,2,5,5,5537.0716905,20000000,[5537.0716905],[5537.0716905],600.0
1842,Class 8 HDV,1,2,8,8,5537.0716905,20000000,[5537.0716905],[5537.0716905],600.0
1843,Class 8 HDV,2,2,6,6,5537.0716905,20000000,[5537.0716905],[5537.0716905],600.0
1844,Class 8 HDV,2,2,3,3,5537.0716905,20000000,[5537.0716905],[5537.0716905],600.0
1845,Class 8 HDV,3,2,3,3,5537.0716905,20000000,[5537.0716905],[5537.0716905],600.0
1846,Class 8 HDV,1,2,4,4,5537.0716905,20000000,[5537.0716905],[5537.0716905],600.0
1847,Class 8 HDV,2,2,0,0,5537.0716905,20000000,[5537.0716905],[5537.0716905],600.0
1848,Class 8 HDV,1,2,5,5,5537.0716905,20000000,[5537.0716905],[5537.0716905],600.0
1849,Class 8 HDV,1,2,5,5,5537.0716905,20000000,[5537.0716905],[5537.0716905],600.0
1850,Class 8 HDV,4,2,3,3,5537.0716905,20000000,[5537.0716905],[5537.0716905],600.0
1851,Class 8 HDV,1,2,4,4,5537.0716905,20000000,[5537.0716905],[5537.0716905],600.0
1852,Class 8 HDV,2,2,3,3,5537.0716905,20000000,[5537.0716905],[5537.0716905],600.0
1853,Class 8 HDV,1,2,1,1,5537.0716905,20000000,[5537.0716905],[5537.0716905],600.0
1854,Class 8 HDV,3,2,4,4,5537.0716905,20000000,[5537.0716905],[5537.0716905],600.0
1855,Class 8 HDV,1,2,5,5,5537.0716905,20000000,[5537.0716905],[5537.0716905],600.0
1856,Class 8 HDV,4,2,4,4,5537.0716905,20000000,[5537.0716905],[5537.0716905],600.0
1857,Class 8 HDV,4,2,3,3,5537.0716905,20000000,[5537.0716905],[5537.0716905],600.0
1858,Class 8 HDV,2,2,1,1,5537.0716905,20000000,[5537.0716905],[5537.0716905],600.0
1859,Class 8 HDV,2,2,3,3,5537.0716905,20000000,[5537.0716905],[5537.0716905],600.0
1860,Class 8 HDV,3,3,3,3,5537.0716905,20000000,[5537.0716905],[5537.0716905],600.0
1861,Class 8 HDV,1,3,1,1,5537.0716905,20000000,[5537.0716905],[5537.0716905],600.0
1862,Class 8 HDV,4,3,3,3,5537.0716905,20000000,[5537.0716905],[5537.0716905],600.0
1863,Class 8 HDV,1,3,3,3,5537.0716905,20000000,[5537.0716905],[5537.0716905],600.0
1864,Class 8 HDV,2,3,1,1,5537.0716905,20000000,[5537.0716905],[5537.0716905],600.0
1865,Class 8 HDV,3,3,0,0,5537.0716905,20000000,[5537.0716905],[5537.0716905],600.0
1866,Class 8 HDV,3,3,1,1,5537.0716905,20000000,[5537.0716905],[5537.0716905],600.0
1867,Class 8 HDV,1,3,1,1,5537.0716905,20000000,[5537.0716905],[5537.0716905],600.0
1868,Class 8 HDV,2,3,1,1,5537.0716905,20000000,[5537.0716905],[5537.0716905],600.0
1869,Class 8 HDV,3,3,4,4,5537.0716905,20000000,[5537.0716905],[5537.0716905],600.0
1870,Class 8 HDV,3,3,7,7,5537.0716905,20000000,[5537.0716905],[5537.0716905],600.0
1871,Class 8 HDV,2,3,2,2,5537.0716905,20000000,[5537.0716905],[5537.0716905],600.0
1872,Class 8 HDV,2,3,2,2,5537.0716905,20000000,[5537.0716905],[5537.0716905],600.0
1873,Class 8 HDV,3,3,3,3,5537.0716905,20000000,[5537.0716905],[5537.0716905],600.0
1874,Class 8 HDV,1,3,2,2,5537.0716905,20000000,[5537.0716905],[5537.0716905],600.0
1875,Class 8 HDV,3,3,2,2,5537.0716905,20000000,[5537.0716905],[5537.0716905],600.0
1876,Class 8 HDV,1,3,6,6,5537.0716905,20000000,[5537.0716905],[5537.0716905],600.0
1877,Class 8 HDV,2,3,6,6,5537.0716905,20000000,[5537.0716905],[5537.0716905],600.0
1878,Class 8 HDV,1,3,6,6,5537.0716905,20000000,[5537.0716905],[5537.0716905],600.0
1879,Class 8 HDV,1,3,3,3,5537.0716905,20000000,[5537.0716905],[5537.0716905],600.0
1880,Class 8 HDV,3,4,3,3,5537.0716905,20000000,[5537.0716905],[5537.0716905],600.0
1881,Class 8 HDV,3,4,4,4,5537.0716905,20000000,[5537.0716905],[5537.0716905],600.0
1882,Class 8 HDV,3,4,1,1,5537.0716905,20000000,[5537.0716905],[5537.0716905],600.0
1883,Class 8 HDV,2,4,3,3,5537.0716905,20000000,[5537.0716905],[5537.0716905],600.0
1884,Class 8 HDV,4,4,1,1,5537.0716905,20000000,[5537.0716905],[5537.0716905],600.0
1885,Class 8 HDV,1,4,0,0,5537.0716905,20000000,[5537.0716905],[5537.0716905],600.0
1886,Class 8 HDV,3,4,4,4,5537.0716905,20000000,[5537.0716905],[5537.0716905],600.0
1887,Class 8 HDV,1,4,3,3,5537.0716905,20000000,[5537.0716905],[5537.0716905],600.0
1888,Class 8 HDV,2,4,9,9,5537.0716905,20000000,[5537.0716905],[5537.0716905],600.0
1889,Class 8 HDV,2,4,6,6,5537.0716905,20000000,[5537.0716905],[5537.0716905],600.0
1890,Class 8 HDV,2,4,6,6,5537.0716905,20000000,[5537.0716905],[5537.0716905],600.0
1891,Class 8 HDV,4,4,2,2,5537.0716905,20000000,[5537.0716905],[5537.0716905],600.0
1892,Class 8 HDV,3,4,1,1,5537.0716905,20000000,[5537.0716905],[5537.0716905],600.0
1893,Class 8 HDV,2,4,5,5,5537.0716905,20000000,[5537.0716905],[5537.0716905],600.0
1894,Class 8 HDV,4,4,2,2,5537.0716905,20000000,[5537.0716905],[5537.0716905],600.0
1895,Class 8 HDV,1,4,2,2,5537.0716905,20000000,[5537.0716905],[5537.0716905],600.0
1896,Class 8 HDV,4,4,6,6,5537.0716905,20000000,[5537.0716905],[5537.0716905],600.0
1897,Class 8 HDV,1,4,2,2,5537.0716905,20000000,[5537.0716905],[5537.0716905],600.0
1898,Class 8 HDV,3,4,7,7,5537.0716905,20000000,[5537.0716905],[5537.0716905],600.0
1899,Class 8 HDV,2,4,3,3,5537.0716905,20000000,[5537.0716905],[5537.0716905],600.0
1900,Class 8 HDV,3,5,5,5,5537.0716905,20000000,[5537.0716905],[5537.0716905],600.0
1901,Class 8 HDV,3,5,2,2,5537.0716905,20000000,[5537.0716905],[5537.0716905],600.0
1902,Class 8 HDV,1,5,1,1,5537.0716905,20000000,[5537.0716905],[5537.0716905],600.0
1903,Class 8 HDV,1,5,1,1,5537.0716905,20000000,[5537.0716905],[5537.0716905],600.0
1904,Class 8 HDV,2,5,3,3,5537.0716905,20000000,[5537.0716905],[5537.0716905],600.0
1905,Class 8 HDV,2,5,5,5,5537.0716905,20000000,[5537.0716905],[5537.0716905],600.0
1906,Class 8 HDV,2,5,4,4,5537.0716905,20000000,[5537.0716905],[5537.0716905],600.0
1907,Class 8 HDV,3,5,2,2,5537.0716905,20000000,[5537.0716905],[5537.0716905],600.0
1908,Class 8 HDV,2,5,1,1,5537.0716905,20000000,[5537.0716905],[5537.0716905],600.0
1909,Class 8 HDV,2,5,0,0,5537.0716905,20000000,[5537.0716905],[5537.0716905],600.0
1910,Class 8 HDV,2,5,5,5,5537.0716905,20000000,[5537.0716905],[5537.0716905],600.0
1911,Class 8 HDV,3,5,0,0,5537.0716905,20000000,[5537.0716905],[5537.0716905],600.0
1912,Class 8 HDV,2,5,0,0,5537.0716905,20000000,[5537.0716905],[5537.0716905],600.0
1913,Class 8 HDV,2,5,6,6,5537.0716905,20000000,[5537.0716905],[5537.0716905],600.0
1914,Class 8 HDV,3,5,3,3,5537.0716905,20000000,[5537.0716905],[5537.0716905],600.0
1915,Class 8 HDV,3,5,5,5,5537.0716905,20000000,[5537.0716905],[5537.0716905],600.0
1916,Class 8 HDV,3,5,4,4,5537.0716905,20000000,[5537.0716905],[5537.0716905],600.0
1917,Class 8 HDV,2,5,3,3,5537.0716905,20000000,[5537.0716905],[5537.0716905],600.0
1918,Class 8 HDV,3,5,4,4,5537.0716905,20000000,[5537.0716905],[5537.0716905],600.0
1919,Class 8 HDV,2,5,3,3,5537.0716905,20000000,[5537.0716905],[5537.0716905],600.0
1920,Class 8 HDV,2,6,4,4,5537.0716905,20000000,[5537.0716905],[5537.0716905],600.0
1921,Class 8 HDV,1,6,6,6,5537.0716905,20000000,[5537.0716905],[5537.0716905],600.0
1922,Class 8 HDV,2,6,1,1,5537.0716905,20000000,[5537.0716905],[5537.0716905],600.0
1923,Class 8 HDV,2,6,4,4,5537.0716905,20000000,[5537.0716905],[5537.0716905],600.0
1924,Class 8 HDV,3,6,5,5,5537.0716905,20000000,[5537.0716905],[5537.0716905],600.0
1925,Class 8 HDV,1,6,4,4,5537.0716905,20000000,[5537.0716905],[5537.0716905],600.0
1926,Class 8 HDV,4,6,5,5,5537.0716905,20000000,[5537.0716905],[5537.0716905],600.0
1927,Class 8 HDV,3,6,4,4,5537.0716905,20000000,[5537.0716905],[5537.0716905],600.0
1928,Class 8 HDV,2,6,7,7,5537.0716905,20000000,[5537.0716905],[5537.0716905],600.0
1929,Class 8 HDV,3,6,2,2,5537.0716905,20000000,[5537.0716905],[5537.0716905],600.0
1930,Class 8 HDV,4,6,0,0,5537.0716905,20000000,[5537.0716905],[5537.0716905],600.0
1931,Class 8 HDV,1,6,4,4,5537.0716905,20000000,[5537.0716905],[5537.0716905],600.0
1932,Class 8 HDV,1,6,1,1,5537.0716905,20000000,[5537.0716905],[5537.0716905],600.0
1933,Class 8 HDV,4,6,5,5,5537.0716905,20000000,[5537.0716905],[5537.0716905],600.0
1934,Class 8 HDV,2,6,5,5,5537.0716905,20000000,[5537.0716905],[5537.0716905],600.0
1935,Class 8 HDV,2,6,3,3,5537.0716905,20000000,[5537.0716905],[5537.0716905],600.0
1936,Class 8 HDV,4,6,1,1,5537.0716905,20000000,[5537.0716905],[5537.0716905],600.0
1937,Class 8 HDV,4,6,0,0,5537.0716905,20000000,[5537.0716905],[5537.0716905],600.0
1938,Class 8 HDV,4,6,8,8,5537.0716905,20000000,[5537.0716905],[5537.0716905],600.0
1939,Class 8 HDV,1,6,4,4,5537.0716905,20000000,[5537.0716905],[5537.0716905],600.0
1940,Class 8 HDV,4,7,6,6,5537.0716905,20000000,[5537.0716905],[5537.0716905],600.0
1941,Class 8 HDV,2,7,4,4,5537.0716905,20000000,[5537.0716905],[5537.0716905],600.0
1942,Class 8 HDV,3,7,1,1,5537.0716905,20000000,[5537.0716905],[5537.0716905],600.0
1943,Class 8 HDV,2,7,2,2,5537.0716905,20000000,[5537.0716905],[5537.0716905],600.0
1944,Class 8 HDV,1,7,3,3,5537.0716905,20000000,[5537.0716905],[5537.0716905],600.0
1945,Class 8 HDV,1,7,5,5,5537.0716905,20000000,[5537.0716905],[5537.0716905],600.0
1946,Class 8 HDV,3,7,7,7,5537.0716905,20000000,[5537.0716905],[5537.0716905],600.0
1947,Class 8 HDV,2,7,3,3,5537.0716905,20000000,[5537.0716905],[5537.0716905],600.0
1948,Class 8 HDV,1,7,0,0,5537.0716905,20000000,[5537.0716905],[5537.0716905],600.0
1949,Class 8 HDV,1,7,3,3,5537.0716905,20000000,[5537.0716905],[5537.0716905],600.0
1950,Class 8 HDV,2,7,2,2,5537.0716905,20000000,[5537.0716905],[5537.0716905],600.0
1951,Class 8 HDV,1,7,6,6,5537.0716905,20000000,[5537.0716905],[5537.0716905],600.0
1952,Class 8 HDV,4,7,4,4,5537.0716905,20000000,[5537.0716905],[5537.0716905],600.0
1953,Class 8 HDV,1,7,3,3,5537.0716905,20000000,[5537.0716905],[5537.0716905],600.0
1954,Class 8 HDV,3,7,1,1,5537.0716905,20000000,[5537.0716905],[5537.0716905],600.0
1955,Class 8 HDV,1,7,6,6,5537.0716905,20000000,[5537.0716905],[5537.0716905],600.0
1956,Class 8 HDV,1,7,3,3,5537.0716905,20000000,[5537.0716905],[5537.0716905],600.0
1957,Class 8 HDV,2,7,0,0,5537.0716905,20000000,[5537.0716905],[5537.0716905],600.0
1958,Class 8 HDV,1,7,5,5,5537.0716905,20000000,[5537.0716905],[5537.0716905],600.0
1959,Class 8 HDV,1,7,2,2,5537.0716905,20000000,[5537.0716905],[5537.0716905],600.0
