Names,Share of zonal demand,Network_zones,VRE_Share,DistrZones,CO_2_Max_ton_MWh,InZoneLossFact_Int,InZoneLossFact_W,InZoneLossFact_I,InZoneLossFact_N,VRE_Share,Share_in_MV,DistrLossFact_LV_Net_Quad,DistrLossFact_MV_Net_Linear,DistrLossFact_LV_Total_Linear,Predicted Average Loss at Peak,Assumed Distr. Headroom,Distr_Max_Inject,Distr_Max_Withdraw,Distr_Inject_Max_Reinforcement_MW,Distr_Withdraw_Max_Reinforcement_MW,Distr_MV_Reinforcement_Cost_per_MW_yr,Distr_LV_Reinforcement_Cost_per_MW_yr,DistrMarginFact_LV_Linear,DistrMarginFact_LV_Quad,DistrMarginFact_MV_Linear,DistrMargin_MV_Max,DistrMargin_MV_DiscountFact,Network_lines,Link_names,z1,z2,z3,z4,z5,Line_Loss_Percentage,Line_Max_Flow_MW,Line_Max_Reinforcement_MW,Line_Reinforcement_Cost_per_MW_yr,Line_Voltage_kV,Line_Resistance_ohms,Line_X_ohms,Line_R_ohms,Thetha_max,Peak_Withdrawal_Hours,Peak_Injection_Hours
Nothern,0,z1,0,0,0,0,0,0,0,0,0,0,0,0,n/a,n/a,-1,-1,-1,-1,0,0,0,0,0,0,0,1,East-North,-1,0,0,1,0,0.03,39.38,20,111.5515311,500,1.234,0,0,0,All,All
Western,0,z2,0,0,0,0,0,0,0,0,0,0,0,0,n/a,n/a,-1,-1,-1,-1,0,0,0,0,0,0,0,2,West-North,-1,1,0,0,0,0.03,36.72,20,111.5515311,500,1.234,0,0,0,All,All
Southern,0,z3,0,0,0,0,0,0,0,0,0,0,0,0,n/a,n/a,-1,-1,-1,-1,0,0,0,0,0,0,0,3,West-South,0,1,-1,0,0,0.03,23.92,20,111.5515311,500,1.234,0,0,0,All,All
Eastern,0,z4,0,0,0,0,0,0,0,0,0,0,0,0,n/a,n/a,-1,-1,-1,-1,0,0,0,0,0,0,0,4,North-Northeast,1,0,0,0,-1,0.03,4,20,111.5515311,500,1.234,0,0,0,All,All
Northeastern,0,z5,0,0,0,0,0,0,0,0,0,0,0,0,n/a,n/a,-1,-1,-1,-1,0,0,0,0,0,0,0,5,West-East,0,1,0,-1,0,0.03,21.19,20,111.5515311,500,1.234,0,0,0,All,All
,,,,,,,,,,,,,,,,,,,,,,,,,,,,6,South-East,0,0,1,-1,0,0.03,23.78,20,111.5515311,500,1.234,0,0,0,All,All
,,,,,,,,,,,,,,,,,,,,,,,,,,,,7,East-Northeast,0,0,0,1,-1,0.03,2.86,20,111.5515311,500,1.234,0,0,0,All,All
