Bid_ID,Bidder_ID,zone,Day,start_time,end_time,demand_min_total,demand_max_total,demand_min_timesteps,demand_max_timesteps
0,Passenger_SEAV,2,1,2,4,250.0,10000,[0; 0; 0],[1000; 1000; 1000]
1,Passenger_SEAV,4,1,0,9,250.0,10000,[0; 0; 0; 0; 0; 0; 0; 0; 0; 0],[1000; 1000; 1000; 1000; 1000; 1000; 1000; 1000; 1000; 1000]
2,Passenger_SEAV,3,1,0,3,250.0,10000,[0; 0; 0; 0],[1000; 1000; 1000; 1000]
3,Passenger_SEAV,3,1,0,4,250.0,10000,[0; 0; 0; 0; 0],[1000; 1000; 1000; 1000; 1000]
4,Passenger_SEAV,2,1,1,4,250.0,10000,[0; 0; 0; 0],[1000; 1000; 1000; 1000]
5,Passenger_SEAV,4,1,0,1,250.0,10000,[0; 0],[1000; 1000]
6,Passenger_SEAV,4,1,4,13,250.0,10000,[0; 0; 0; 0; 0; 0; 0; 0; 0; 0],[1000; 1000; 1000; 1000; 1000; 1000; 1000; 1000; 1000; 1000]
7,Passenger_SEAV,4,1,1,10,250.0,10000,[0; 0; 0; 0; 0; 0; 0; 0; 0; 0],[1000; 1000; 1000; 1000; 1000; 1000; 1000; 1000; 1000; 1000]
8,Passenger_SEAV,5,1,0,6,250.0,10000,[0; 0; 0; 0; 0; 0; 0],[1000; 1000; 1000; 1000; 1000; 1000; 1000]
9,Passenger_SEAV,3,1,2,7,250.0,10000,[0; 0; 0; 0; 0; 0],[1000; 1000; 1000; 1000; 1000; 1000]
10,Passenger_SEAV,1,2,0,5,250.0,10000,[0; 0; 0; 0; 0; 0],[1000; 1000; 1000; 1000; 1000; 1000]
11,Passenger_SEAV,1,2,1,2,250.0,10000,[0; 0],[1000; 1000]
12,Passenger_SEAV,5,2,2,3,250.0,10000,[0; 0],[1000; 1000]
13,Passenger_SEAV,4,2,2,3,250.0,10000,[0; 0],[1000; 1000]
14,Passenger_SEAV,2,2,2,3,250.0,10000,[0; 0],[1000; 1000]
15,Passenger_SEAV,2,2,1,6,250.0,10000,[0; 0; 0; 0; 0; 0],[1000; 1000; 1000; 1000; 1000; 1000]
16,Passenger_SEAV,5,2,1,3,250.0,10000,[0; 0; 0],[1000; 1000; 1000]
17,Passenger_SEAV,5,2,2,6,250.0,10000,[0; 0; 0; 0; 0],[1000; 1000; 1000; 1000; 1000]
18,Passenger_SEAV,1,2,3,9,250.0,10000,[0; 0; 0; 0; 0; 0; 0],[1000; 1000; 1000; 1000; 1000; 1000; 1000]
19,Passenger_SEAV,2,2,3,10,250.0,10000,[0; 0; 0; 0; 0; 0; 0; 0],[1000; 1000; 1000; 1000; 1000; 1000; 1000; 1000]
20,Passenger_SEAV,3,3,1,3,250.0,10000,[0; 0; 0],[1000; 1000; 1000]
21,Passenger_SEAV,5,3,1,10,250.0,10000,[0; 0; 0; 0; 0; 0; 0; 0; 0; 0],[1000; 1000; 1000; 1000; 1000; 1000; 1000; 1000; 1000; 1000]
22,Passenger_SEAV,4,3,0,6,250.0,10000,[0; 0; 0; 0; 0; 0; 0],[1000; 1000; 1000; 1000; 1000; 1000; 1000]
23,Passenger_SEAV,2,3,2,7,250.0,10000,[0; 0; 0; 0; 0; 0],[1000; 1000; 1000; 1000; 1000; 1000]
24,Passenger_SEAV,2,3,2,4,250.0,10000,[0; 0; 0],[1000; 1000; 1000]
25,Passenger_SEAV,1,3,1,11,250.0,10000,[0; 0; 0; 0; 0; 0; 0; 0; 0; 0; 0],[1000; 1000; 1000; 1000; 1000; 1000; 1000; 1000; 1000; 1000; 1000]
26,Passenger_SEAV,1,3,1,3,250.0,10000,[0; 0; 0],[1000; 1000; 1000]
27,Passenger_SEAV,5,3,1,3,250.0,10000,[0; 0; 0],[1000; 1000; 1000]
28,Passenger_SEAV,5,3,1,4,250.0,10000,[0; 0; 0; 0],[1000; 1000; 1000; 1000]
29,Passenger_SEAV,3,3,1,10,250.0,10000,[0; 0; 0; 0; 0; 0; 0; 0; 0; 0],[1000; 1000; 1000; 1000; 1000; 1000; 1000; 1000; 1000; 1000]
30,Passenger_SEAV,4,4,2,6,250.0,10000,[0; 0; 0; 0; 0],[1000; 1000; 1000; 1000; 1000]
31,Passenger_SEAV,2,4,2,5,250.0,10000,[0; 0; 0; 0],[1000; 1000; 1000; 1000]
32,Passenger_SEAV,4,4,1,7,250.0,10000,[0; 0; 0; 0; 0; 0; 0],[1000; 1000; 1000; 1000; 1000; 1000; 1000]
33,Passenger_SEAV,2,4,2,13,250.0,10000,[0; 0; 0; 0; 0; 0; 0; 0; 0; 0; 0; 0],[1000; 1000; 1000; 1000; 1000; 1000; 1000; 1000; 1000; 1000; 1000; 1000]
34,Passenger_SEAV,1,4,2,6,250.0,10000,[0; 0; 0; 0; 0],[1000; 1000; 1000; 1000; 1000]
35,Passenger_SEAV,5,4,1,4,250.0,10000,[0; 0; 0; 0],[1000; 1000; 1000; 1000]
36,Passenger_SEAV,5,4,3,10,250.0,10000,[0; 0; 0; 0; 0; 0; 0; 0],[1000; 1000; 1000; 1000; 1000; 1000; 1000; 1000]
37,Passenger_SEAV,4,4,2,19,250.0,10000,[0; 0; 0; 0; 0; 0; 0; 0; 0; 0; 0; 0; 0; 0; 0; 0; 0; 0],[1000; 1000; 1000; 1000; 1000; 1000; 1000; 1000; 1000; 1000; 1000; 1000; 1000; 1000; 1000; 1000; 1000; 1000]
38,Passenger_SEAV,3,4,2,16,250.0,10000,[0; 0; 0; 0; 0; 0; 0; 0; 0; 0; 0; 0; 0; 0; 0],[1000; 1000; 1000; 1000; 1000; 1000; 1000; 1000; 1000; 1000; 1000; 1000; 1000; 1000; 1000]
39,Passenger_SEAV,1,4,1,3,250.0,10000,[0; 0; 0],[1000; 1000; 1000]
40,Passenger_SEAV,1,5,2,7,250.0,10000,[0; 0; 0; 0; 0; 0],[1000; 1000; 1000; 1000; 1000; 1000]
41,Passenger_SEAV,4,5,0,1,250.0,10000,[0; 0],[1000; 1000]
42,Passenger_SEAV,1,5,3,13,250.0,10000,[0; 0; 0; 0; 0; 0; 0; 0; 0; 0; 0],[1000; 1000; 1000; 1000; 1000; 1000; 1000; 1000; 1000; 1000; 1000]
43,Passenger_SEAV,4,5,0,11,250.0,10000,[0; 0; 0; 0; 0; 0; 0; 0; 0; 0; 0; 0],[1000; 1000; 1000; 1000; 1000; 1000; 1000; 1000; 1000; 1000; 1000; 1000]
44,Passenger_SEAV,3,5,2,10,250.0,10000,[0; 0; 0; 0; 0; 0; 0; 0; 0],[1000; 1000; 1000; 1000; 1000; 1000; 1000; 1000; 1000]
45,Passenger_SEAV,1,5,2,7,250.0,10000,[0; 0; 0; 0; 0; 0],[1000; 1000; 1000; 1000; 1000; 1000]
46,Passenger_SEAV,3,5,1,4,250.0,10000,[0; 0; 0; 0],[1000; 1000; 1000; 1000]
47,Passenger_SEAV,3,5,3,8,250.0,10000,[0; 0; 0; 0; 0; 0],[1000; 1000; 1000; 1000; 1000; 1000]
48,Passenger_SEAV,4,5,0,4,250.0,10000,[0; 0; 0; 0; 0],[1000; 1000; 1000; 1000; 1000]
49,Passenger_SEAV,2,5,0,10,250.0,10000,[0; 0; 0; 0; 0; 0; 0; 0; 0; 0; 0],[1000; 1000; 1000; 1000; 1000; 1000; 1000; 1000; 1000; 1000; 1000]
50,Passenger_SEAV,3,6,1,5,250.0,10000,[0; 0; 0; 0; 0],[1000; 1000; 1000; 1000; 1000]
51,Passenger_SEAV,4,6,2,7,250.0,10000,[0; 0; 0; 0; 0; 0],[1000; 1000; 1000; 1000; 1000; 1000]
52,Passenger_SEAV,5,6,2,11,250.0,10000,[0; 0; 0; 0; 0; 0; 0; 0; 0; 0],[1000; 1000; 1000; 1000; 1000; 1000; 1000; 1000; 1000; 1000]
53,Passenger_SEAV,5,6,1,14,250.0,10000,[0; 0; 0; 0; 0; 0; 0; 0; 0; 0; 0; 0; 0; 0],[1000; 1000; 1000; 1000; 1000; 1000; 1000; 1000; 1000; 1000; 1000; 1000; 1000; 1000]
54,Passenger_SEAV,3,6,2,12,250.0,10000,[0; 0; 0; 0; 0; 0; 0; 0; 0; 0; 0],[1000; 1000; 1000; 1000; 1000; 1000; 1000; 1000; 1000; 1000; 1000]
55,Passenger_SEAV,3,6,1,2,250.0,10000,[0; 0],[1000; 1000]
56,Passenger_SEAV,4,6,1,2,250.0,10000,[0; 0],[1000; 1000]
57,Passenger_SEAV,4,6,1,6,250.0,10000,[0; 0; 0; 0; 0; 0],[1000; 1000; 1000; 1000; 1000; 1000]
58,Passenger_SEAV,5,6,2,11,250.0,10000,[0; 0; 0; 0; 0; 0; 0; 0; 0; 0],[1000; 1000; 1000; 1000; 1000; 1000; 1000; 1000; 1000; 1000]
59,Passenger_SEAV,2,6,1,2,250.0,10000,[0; 0],[1000; 1000]
60,Passenger_SEAV,5,7,1,12,250.0,10000,[0; 0; 0; 0; 0; 0; 0; 0; 0; 0; 0; 0],[1000; 1000; 1000; 1000; 1000; 1000; 1000; 1000; 1000; 1000; 1000; 1000]
61,Passenger_SEAV,3,7,0,3,250.0,10000,[0; 0; 0; 0],[1000; 1000; 1000; 1000]
62,Passenger_SEAV,4,7,3,6,250.0,10000,[0; 0; 0; 0],[1000; 1000; 1000; 1000]
63,Passenger_SEAV,5,7,0,7,250.0,10000,[0; 0; 0; 0; 0; 0; 0; 0],[1000; 1000; 1000; 1000; 1000; 1000; 1000; 1000]
64,Passenger_SEAV,5,7,1,15,250.0,10000,[0; 0; 0; 0; 0; 0; 0; 0; 0; 0; 0; 0; 0; 0; 0],[1000; 1000; 1000; 1000; 1000; 1000; 1000; 1000; 1000; 1000; 1000; 1000; 1000; 1000; 1000]
65,Passenger_SEAV,4,7,3,5,250.0,10000,[0; 0; 0],[1000; 1000; 1000]
66,Passenger_SEAV,2,7,2,4,250.0,10000,[0; 0; 0],[1000; 1000; 1000]
67,Passenger_SEAV,2,7,2,10,250.0,10000,[0; 0; 0; 0; 0; 0; 0; 0; 0],[1000; 1000; 1000; 1000; 1000; 1000; 1000; 1000; 1000]
68,Passenger_SEAV,2,7,3,9,250.0,10000,[0; 0; 0; 0; 0; 0; 0],[1000; 1000; 1000; 1000; 1000; 1000; 1000]
69,Passenger_SEAV,5,7,2,3,250.0,10000,[0; 0],[1000; 1000]
70,Passenger_Residential,2,1,4,13,1000.0,10000,[0; 0; 0; 0; 0; 0; 0; 0; 0; 0],[1000; 1000; 1000; 1000; 1000; 1000; 1000; 1000; 1000; 1000]
71,Passenger_Residential,5,1,1,8,1000.0,10000,[0; 0; 0; 0; 0; 0; 0; 0],[1000; 1000; 1000; 1000; 1000; 1000; 1000; 1000]
72,Passenger_Residential,1,1,3,11,1000.0,10000,[0; 0; 0; 0; 0; 0; 0; 0; 0],[1000; 1000; 1000; 1000; 1000; 1000; 1000; 1000; 1000]
73,Passenger_Residential,3,1,5,22,1000.0,10000,[0; 0; 0; 0; 0; 0; 0; 0; 0; 0; 0; 0; 0; 0; 0; 0; 0; 0],[1000; 1000; 1000; 1000; 1000; 1000; 1000; 1000; 1000; 1000; 1000; 1000; 1000; 1000; 1000; 1000; 1000; 1000]
74,Passenger_Residential,3,1,7,21,1000.0,10000,[0; 0; 0; 0; 0; 0; 0; 0; 0; 0; 0; 0; 0; 0; 0],[1000; 1000; 1000; 1000; 1000; 1000; 1000; 1000; 1000; 1000; 1000; 1000; 1000; 1000; 1000]
75,Passenger_Residential,1,1,11,15,1000.0,10000,[0; 0; 0; 0; 0],[1000; 1000; 1000; 1000; 1000]
76,Passenger_Residential,2,1,10,22,1000.0,10000,[0; 0; 0; 0; 0; 0; 0; 0; 0; 0; 0; 0; 0],[1000; 1000; 1000; 1000; 1000; 1000; 1000; 1000; 1000; 1000; 1000; 1000; 1000]
77,Passenger_Residential,4,1,6,15,1000.0,10000,[0; 0; 0; 0; 0; 0; 0; 0; 0; 0],[1000; 1000; 1000; 1000; 1000; 1000; 1000; 1000; 1000; 1000]
78,Passenger_Residential,3,1,0,13,1000.0,10000,[0; 0; 0; 0; 0; 0; 0; 0; 0; 0; 0; 0; 0; 0],[1000; 1000; 1000; 1000; 1000; 1000; 1000; 1000; 1000; 1000; 1000; 1000; 1000; 1000]
79,Passenger_Residential,3,1,0,7,1000.0,10000,[0; 0; 0; 0; 0; 0; 0; 0],[1000; 1000; 1000; 1000; 1000; 1000; 1000; 1000]
80,Passenger_Residential,5,2,9,12,1000.0,10000,[0; 0; 0; 0],[1000; 1000; 1000; 1000]
81,Passenger_Residential,1,2,8,9,1000.0,10000,[0; 0],[1000; 1000]
82,Passenger_Residential,2,2,11,18,1000.0,10000,[0; 0; 0; 0; 0; 0; 0; 0],[1000; 1000; 1000; 1000; 1000; 1000; 1000; 1000]
83,Passenger_Residential,1,2,13,20,1000.0,10000,[0; 0; 0; 0; 0; 0; 0; 0],[1000; 1000; 1000; 1000; 1000; 1000; 1000; 1000]
84,Passenger_Residential,4,2,13,19,1000.0,10000,[0; 0; 0; 0; 0; 0; 0],[1000; 1000; 1000; 1000; 1000; 1000; 1000]
85,Passenger_Residential,2,2,10,18,1000.0,10000,[0; 0; 0; 0; 0; 0; 0; 0; 0],[1000; 1000; 1000; 1000; 1000; 1000; 1000; 1000; 1000]
86,Passenger_Residential,5,2,15,16,1000.0,10000,[0; 0],[1000; 1000]
87,Passenger_Residential,4,2,14,16,1000.0,10000,[0; 0; 0],[1000; 1000; 1000]
88,Passenger_Residential,4,2,12,18,1000.0,10000,[0; 0; 0; 0; 0; 0; 0],[1000; 1000; 1000; 1000; 1000; 1000; 1000]
89,Passenger_Residential,5,2,14,18,1000.0,10000,[0; 0; 0; 0; 0],[1000; 1000; 1000; 1000; 1000]
90,Passenger_Residential,2,3,10,11,1000.0,10000,[0; 0],[1000; 1000]
91,Passenger_Residential,3,3,17,22,1000.0,10000,[0; 0; 0; 0; 0; 0],[1000; 1000; 1000; 1000; 1000; 1000]
92,Passenger_Residential,5,3,17,20,1000.0,10000,[0; 0; 0; 0],[1000; 1000; 1000; 1000]
93,Passenger_Residential,3,3,14,19,1000.0,10000,[0; 0; 0; 0; 0; 0],[1000; 1000; 1000; 1000; 1000; 1000]
94,Passenger_Residential,3,3,11,15,1000.0,10000,[0; 0; 0; 0; 0],[1000; 1000; 1000; 1000; 1000]
95,Passenger_Residential,1,3,14,23,1000.0,10000,[0; 0; 0; 0; 0; 0; 0; 0; 0; 0],[1000; 1000; 1000; 1000; 1000; 1000; 1000; 1000; 1000; 1000]
96,Passenger_Residential,5,3,14,16,1000.0,10000,[0; 0; 0],[1000; 1000; 1000]
97,Passenger_Residential,1,3,14,18,1000.0,10000,[0; 0; 0; 0; 0],[1000; 1000; 1000; 1000; 1000]
98,Passenger_Residential,4,3,15,19,1000.0,10000,[0; 0; 0; 0; 0],[1000; 1000; 1000; 1000; 1000]
99,Passenger_Residential,4,3,10,18,1000.0,10000,[0; 0; 0; 0; 0; 0; 0; 0; 0],[1000; 1000; 1000; 1000; 1000; 1000; 1000; 1000; 1000]
100,Passenger_Residential,5,4,10,19,1000.0,10000,[0; 0; 0; 0; 0; 0; 0; 0; 0; 0],[1000; 1000; 1000; 1000; 1000; 1000; 1000; 1000; 1000; 1000]
101,Passenger_Residential,2,4,17,19,1000.0,10000,[0; 0; 0],[1000; 1000; 1000]
102,Passenger_Residential,2,4,10,12,1000.0,10000,[0; 0; 0],[1000; 1000; 1000]
103,Passenger_Residential,2,4,16,20,1000.0,10000,[0; 0; 0; 0; 0],[1000; 1000; 1000; 1000; 1000]
104,Passenger_Residential,2,4,14,18,1000.0,10000,[0; 0; 0; 0; 0],[1000; 1000; 1000; 1000; 1000]
105,Passenger_Residential,3,4,19,23,1000.0,10000,[0; 0; 0; 0; 0],[1000; 1000; 1000; 1000; 1000]
106,Passenger_Residential,1,4,15,22,1000.0,10000,[0; 0; 0; 0; 0; 0; 0; 0],[1000; 1000; 1000; 1000; 1000; 1000; 1000; 1000]
107,Passenger_Residential,3,4,19,23,1000.0,10000,[0; 0; 0; 0; 0],[1000; 1000; 1000; 1000; 1000]
108,Passenger_Residential,4,4,19,22,1000.0,10000,[0; 0; 0; 0],[1000; 1000; 1000; 1000]
109,Passenger_Residential,4,4,13,21,1000.0,10000,[0; 0; 0; 0; 0; 0; 0; 0; 0],[1000; 1000; 1000; 1000; 1000; 1000; 1000; 1000; 1000]
110,Passenger_Residential,2,5,13,21,1000.0,10000,[0; 0; 0; 0; 0; 0; 0; 0; 0],[1000; 1000; 1000; 1000; 1000; 1000; 1000; 1000; 1000]
111,Passenger_Residential,1,5,16,21,1000.0,10000,[0; 0; 0; 0; 0; 0],[1000; 1000; 1000; 1000; 1000; 1000]
112,Passenger_Residential,4,5,22,23,1000.0,10000,[0; 0],[1000; 1000]
113,Passenger_Residential,1,5,16,20,1000.0,10000,[0; 0; 0; 0; 0],[1000; 1000; 1000; 1000; 1000]
114,Passenger_Residential,4,5,10,14,1000.0,10000,[0; 0; 0; 0; 0],[1000; 1000; 1000; 1000; 1000]
115,Passenger_Residential,1,5,20,22,1000.0,10000,[0; 0; 0],[1000; 1000; 1000]
116,Passenger_Residential,3,5,16,23,1000.0,10000,[0; 0; 0; 0; 0; 0; 0; 0],[1000; 1000; 1000; 1000; 1000; 1000; 1000; 1000]
117,Passenger_Residential,1,5,10,15,1000.0,10000,[0; 0; 0; 0; 0; 0],[1000; 1000; 1000; 1000; 1000; 1000]
118,Passenger_Residential,4,5,18,22,1000.0,10000,[0; 0; 0; 0; 0],[1000; 1000; 1000; 1000; 1000]
119,Passenger_Residential,3,5,16,20,1000.0,10000,[0; 0; 0; 0; 0],[1000; 1000; 1000; 1000; 1000]
120,Passenger_Residential,2,6,11,15,1000.0,10000,[0; 0; 0; 0; 0],[1000; 1000; 1000; 1000; 1000]
121,Passenger_Residential,2,6,17,20,1000.0,10000,[0; 0; 0; 0],[1000; 1000; 1000; 1000]
122,Passenger_Residential,3,6,5,9,1000.0,10000,[0; 0; 0; 0; 0],[1000; 1000; 1000; 1000; 1000]
123,Passenger_Residential,3,6,16,19,1000.0,10000,[0; 0; 0; 0],[1000; 1000; 1000; 1000]
124,Passenger_Residential,3,6,9,16,1000.0,10000,[0; 0; 0; 0; 0; 0; 0; 0],[1000; 1000; 1000; 1000; 1000; 1000; 1000; 1000]
125,Passenger_Residential,1,6,11,14,1000.0,10000,[0; 0; 0; 0],[1000; 1000; 1000; 1000]
126,Passenger_Residential,4,6,20,21,1000.0,10000,[0; 0],[1000; 1000]
127,Passenger_Residential,5,6,12,13,1000.0,10000,[0; 0],[1000; 1000]
128,Passenger_Residential,5,6,12,17,1000.0,10000,[0; 0; 0; 0; 0; 0],[1000; 1000; 1000; 1000; 1000; 1000]
129,Passenger_Residential,4,6,18,20,1000.0,10000,[0; 0; 0],[1000; 1000; 1000]
130,Passenger_Residential,4,7,2,14,1000.0,10000,[0; 0; 0; 0; 0; 0; 0; 0; 0; 0; 0; 0; 0],[1000; 1000; 1000; 1000; 1000; 1000; 1000; 1000; 1000; 1000; 1000; 1000; 1000]
131,Passenger_Residential,2,7,11,14,1000.0,10000,[0; 0; 0; 0],[1000; 1000; 1000; 1000]
132,Passenger_Residential,1,7,13,16,1000.0,10000,[0; 0; 0; 0],[1000; 1000; 1000; 1000]
133,Passenger_Residential,5,7,13,17,1000.0,10000,[0; 0; 0; 0; 0],[1000; 1000; 1000; 1000; 1000]
134,Passenger_Residential,5,7,0,9,1000.0,10000,[0; 0; 0; 0; 0; 0; 0; 0; 0; 0],[1000; 1000; 1000; 1000; 1000; 1000; 1000; 1000; 1000; 1000]
135,Passenger_Residential,2,7,11,16,1000.0,10000,[0; 0; 0; 0; 0; 0],[1000; 1000; 1000; 1000; 1000; 1000]
136,Passenger_Residential,3,7,0,5,1000.0,10000,[0; 0; 0; 0; 0; 0],[1000; 1000; 1000; 1000; 1000; 1000]
137,Passenger_Residential,3,7,13,19,1000.0,10000,[0; 0; 0; 0; 0; 0; 0],[1000; 1000; 1000; 1000; 1000; 1000; 1000]
138,Passenger_Residential,5,7,18,23,1000.0,10000,[0; 0; 0; 0; 0; 0],[1000; 1000; 1000; 1000; 1000; 1000]
139,Passenger_Residential,5,7,2,11,1000.0,10000,[0; 0; 0; 0; 0; 0; 0; 0; 0; 0],[1000; 1000; 1000; 1000; 1000; 1000; 1000; 1000; 1000; 1000]
140,Commercial,2,1,16,21,200.0,10000,[0; 0; 0; 0; 0; 0],[1000; 1000; 1000; 1000; 1000; 1000]
141,Commercial,3,1,11,14,200.0,10000,[0; 0; 0; 0],[1000; 1000; 1000; 1000]
142,Commercial,3,1,15,19,200.0,10000,[0; 0; 0; 0; 0],[1000; 1000; 1000; 1000; 1000]
143,Commercial,4,1,11,19,200.0,10000,[0; 0; 0; 0; 0; 0; 0; 0; 0],[1000; 1000; 1000; 1000; 1000; 1000; 1000; 1000; 1000]
144,Commercial,1,1,12,19,200.0,10000,[0; 0; 0; 0; 0; 0; 0; 0],[1000; 1000; 1000; 1000; 1000; 1000; 1000; 1000]
145,Commercial,2,1,14,18,200.0,10000,[0; 0; 0; 0; 0],[1000; 1000; 1000; 1000; 1000]
146,Commercial,4,1,12,19,200.0,10000,[0; 0; 0; 0; 0; 0; 0; 0],[1000; 1000; 1000; 1000; 1000; 1000; 1000; 1000]
147,Commercial,4,1,12,19,200.0,10000,[0; 0; 0; 0; 0; 0; 0; 0],[1000; 1000; 1000; 1000; 1000; 1000; 1000; 1000]
148,Commercial,2,1,14,16,200.0,10000,[0; 0; 0],[1000; 1000; 1000]
149,Commercial,3,1,10,15,200.0,10000,[0; 0; 0; 0; 0; 0],[1000; 1000; 1000; 1000; 1000; 1000]
150,Commercial,5,2,11,14,200.0,10000,[0; 0; 0; 0],[1000; 1000; 1000; 1000]
151,Commercial,2,2,20,22,200.0,10000,[0; 0; 0],[1000; 1000; 1000]
152,Commercial,1,2,19,20,200.0,10000,[0; 0],[1000; 1000]
153,Commercial,4,2,4,7,200.0,10000,[0; 0; 0; 0],[1000; 1000; 1000; 1000]
154,Commercial,5,2,17,19,200.0,10000,[0; 0; 0],[1000; 1000; 1000]
155,Commercial,1,2,14,19,200.0,10000,[0; 0; 0; 0; 0; 0],[1000; 1000; 1000; 1000; 1000; 1000]
156,Commercial,5,2,13,19,200.0,10000,[0; 0; 0; 0; 0; 0; 0],[1000; 1000; 1000; 1000; 1000; 1000; 1000]
157,Commercial,3,2,12,14,200.0,10000,[0; 0; 0],[1000; 1000; 1000]
158,Commercial,4,2,6,9,200.0,10000,[0; 0; 0; 0],[1000; 1000; 1000; 1000]
159,Commercial,5,2,9,13,200.0,10000,[0; 0; 0; 0; 0],[1000; 1000; 1000; 1000; 1000]
160,Commercial,4,3,4,12,200.0,10000,[0; 0; 0; 0; 0; 0; 0; 0; 0],[1000; 1000; 1000; 1000; 1000; 1000; 1000; 1000; 1000]
161,Commercial,2,3,17,18,200.0,10000,[0; 0],[1000; 1000]
162,Commercial,2,3,14,22,200.0,10000,[0; 0; 0; 0; 0; 0; 0; 0; 0],[1000; 1000; 1000; 1000; 1000; 1000; 1000; 1000; 1000]
163,Commercial,4,3,3,8,200.0,10000,[0; 0; 0; 0; 0; 0],[1000; 1000; 1000; 1000; 1000; 1000]
164,Commercial,4,3,8,12,200.0,10000,[0; 0; 0; 0; 0],[1000; 1000; 1000; 1000; 1000]
165,Commercial,2,3,5,10,200.0,10000,[0; 0; 0; 0; 0; 0],[1000; 1000; 1000; 1000; 1000; 1000]
166,Commercial,5,3,12,18,200.0,10000,[0; 0; 0; 0; 0; 0; 0],[1000; 1000; 1000; 1000; 1000; 1000; 1000]
167,Commercial,4,3,15,21,200.0,10000,[0; 0; 0; 0; 0; 0; 0],[1000; 1000; 1000; 1000; 1000; 1000; 1000]
168,Commercial,5,3,16,21,200.0,10000,[0; 0; 0; 0; 0; 0],[1000; 1000; 1000; 1000; 1000; 1000]
169,Commercial,4,3,3,6,200.0,10000,[0; 0; 0; 0],[1000; 1000; 1000; 1000]
170,Commercial,2,4,9,13,200.0,10000,[0; 0; 0; 0; 0],[1000; 1000; 1000; 1000; 1000]
171,Commercial,4,4,6,10,200.0,10000,[0; 0; 0; 0; 0],[1000; 1000; 1000; 1000; 1000]
172,Commercial,2,4,4,8,200.0,10000,[0; 0; 0; 0; 0],[1000; 1000; 1000; 1000; 1000]
173,Commercial,4,4,13,17,200.0,10000,[0; 0; 0; 0; 0],[1000; 1000; 1000; 1000; 1000]
174,Commercial,5,4,10,16,200.0,10000,[0; 0; 0; 0; 0; 0; 0],[1000; 1000; 1000; 1000; 1000; 1000; 1000]
175,Commercial,1,4,9,12,200.0,10000,[0; 0; 0; 0],[1000; 1000; 1000; 1000]
176,Commercial,1,4,0,4,200.0,10000,[0; 0; 0; 0; 0],[1000; 1000; 1000; 1000; 1000]
177,Commercial,1,4,4,11,200.0,10000,[0; 0; 0; 0; 0; 0; 0; 0],[1000; 1000; 1000; 1000; 1000; 1000; 1000; 1000]
178,Commercial,3,4,12,16,200.0,10000,[0; 0; 0; 0; 0],[1000; 1000; 1000; 1000; 1000]
179,Commercial,2,4,3,10,200.0,10000,[0; 0; 0; 0; 0; 0; 0; 0],[1000; 1000; 1000; 1000; 1000; 1000; 1000; 1000]
180,Commercial,4,5,11,15,200.0,10000,[0; 0; 0; 0; 0],[1000; 1000; 1000; 1000; 1000]
181,Commercial,5,5,16,20,200.0,10000,[0; 0; 0; 0; 0],[1000; 1000; 1000; 1000; 1000]
182,Commercial,5,5,17,21,200.0,10000,[0; 0; 0; 0; 0],[1000; 1000; 1000; 1000; 1000]
183,Commercial,3,5,14,19,200.0,10000,[0; 0; 0; 0; 0; 0],[1000; 1000; 1000; 1000; 1000; 1000]
184,Commercial,3,5,15,17,200.0,10000,[0; 0; 0],[1000; 1000; 1000]
185,Commercial,2,5,7,13,200.0,10000,[0; 0; 0; 0; 0; 0; 0],[1000; 1000; 1000; 1000; 1000; 1000; 1000]
186,Commercial,3,5,10,15,200.0,10000,[0; 0; 0; 0; 0; 0],[1000; 1000; 1000; 1000; 1000; 1000]
187,Commercial,5,5,11,15,200.0,10000,[0; 0; 0; 0; 0],[1000; 1000; 1000; 1000; 1000]
188,Commercial,5,5,15,18,200.0,10000,[0; 0; 0; 0],[1000; 1000; 1000; 1000]
189,Commercial,4,5,19,22,200.0,10000,[0; 0; 0; 0],[1000; 1000; 1000; 1000]
190,Commercial,5,6,17,21,200.0,10000,[0; 0; 0; 0; 0],[1000; 1000; 1000; 1000; 1000]
191,Commercial,1,6,16,20,200.0,10000,[0; 0; 0; 0; 0],[1000; 1000; 1000; 1000; 1000]
192,Commercial,3,6,8,16,200.0,10000,[0; 0; 0; 0; 0; 0; 0; 0; 0],[1000; 1000; 1000; 1000; 1000; 1000; 1000; 1000; 1000]
193,Commercial,4,6,0,5,200.0,10000,[0; 0; 0; 0; 0; 0],[1000; 1000; 1000; 1000; 1000; 1000]
194,Commercial,2,6,15,19,200.0,10000,[0; 0; 0; 0; 0],[1000; 1000; 1000; 1000; 1000]
195,Commercial,1,6,14,20,200.0,10000,[0; 0; 0; 0; 0; 0; 0],[1000; 1000; 1000; 1000; 1000; 1000; 1000]
196,Commercial,4,6,12,16,200.0,10000,[0; 0; 0; 0; 0],[1000; 1000; 1000; 1000; 1000]
197,Commercial,2,6,3,9,200.0,10000,[0; 0; 0; 0; 0; 0; 0],[1000; 1000; 1000; 1000; 1000; 1000; 1000]
198,Commercial,1,6,10,14,200.0,10000,[0; 0; 0; 0; 0],[1000; 1000; 1000; 1000; 1000]
199,Commercial,3,6,18,21,200.0,10000,[0; 0; 0; 0],[1000; 1000; 1000; 1000]
200,Commercial,2,7,10,13,200.0,10000,[0; 0; 0; 0],[1000; 1000; 1000; 1000]
201,Commercial,4,7,3,4,200.0,10000,[0; 0],[1000; 1000]
202,Commercial,1,7,11,13,200.0,10000,[0; 0; 0],[1000; 1000; 1000]
203,Commercial,5,7,18,23,200.0,10000,[0; 0; 0; 0; 0; 0],[1000; 1000; 1000; 1000; 1000; 1000]
204,Commercial,4,7,13,14,200.0,10000,[0; 0],[1000; 1000]
205,Commercial,5,7,15,17,200.0,10000,[0; 0; 0],[1000; 1000; 1000]
206,Commercial,5,7,6,7,200.0,10000,[0; 0],[1000; 1000]
207,Commercial,2,7,19,21,200.0,10000,[0; 0; 0],[1000; 1000; 1000]
208,Commercial,2,7,14,19,200.0,10000,[0; 0; 0; 0; 0; 0],[1000; 1000; 1000; 1000; 1000; 1000]
209,Commercial,1,7,3,9,200.0,10000,[0; 0; 0; 0; 0; 0; 0],[1000; 1000; 1000; 1000; 1000; 1000; 1000]
210,Buses,3,1,2,6,800.0,10000,[0; 0; 0; 0; 0],[1000; 1000; 1000; 1000; 1000]
211,Buses,1,1,2,3,800.0,10000,[0; 0],[1000; 1000]
212,Buses,5,1,1,2,800.0,10000,[0; 0],[1000; 1000]
213,Buses,5,1,0,3,800.0,10000,[0; 0; 0; 0],[1000; 1000; 1000; 1000]
214,Buses,3,1,2,4,800.0,10000,[0; 0; 0],[1000; 1000; 1000]
215,Buses,3,1,17,22,800.0,10000,[0; 0; 0; 0; 0; 0],[1000; 1000; 1000; 1000; 1000; 1000]
216,Buses,5,1,16,22,800.0,10000,[0; 0; 0; 0; 0; 0; 0],[1000; 1000; 1000; 1000; 1000; 1000; 1000]
217,Buses,3,1,17,20,800.0,10000,[0; 0; 0; 0],[1000; 1000; 1000; 1000]
218,Buses,5,1,17,20,800.0,10000,[0; 0; 0; 0],[1000; 1000; 1000; 1000]
219,Buses,4,1,17,19,800.0,10000,[0; 0; 0],[1000; 1000; 1000]
220,Buses,2,2,3,6,800.0,10000,[0; 0; 0; 0],[1000; 1000; 1000; 1000]
221,Buses,2,2,0,3,800.0,10000,[0; 0; 0; 0],[1000; 1000; 1000; 1000]
222,Buses,1,2,2,4,800.0,10000,[0; 0; 0],[1000; 1000; 1000]
223,Buses,3,2,0,1,800.0,10000,[0; 0],[1000; 1000]
224,Buses,3,2,3,4,800.0,10000,[0; 0],[1000; 1000]
225,Buses,3,2,16,22,800.0,10000,[0; 0; 0; 0; 0; 0; 0],[1000; 1000; 1000; 1000; 1000; 1000; 1000]
226,Buses,3,2,15,18,800.0,10000,[0; 0; 0; 0],[1000; 1000; 1000; 1000]
227,Buses,1,2,15,18,800.0,10000,[0; 0; 0; 0],[1000; 1000; 1000; 1000]
228,Buses,4,2,16,18,800.0,10000,[0; 0; 0],[1000; 1000; 1000]
229,Buses,4,2,18,19,800.0,10000,[0; 0],[1000; 1000]
230,Buses,1,3,0,3,800.0,10000,[0; 0; 0; 0],[1000; 1000; 1000; 1000]
231,Buses,2,3,2,5,800.0,10000,[0; 0; 0; 0],[1000; 1000; 1000; 1000]
232,Buses,3,3,2,4,800.0,10000,[0; 0; 0],[1000; 1000; 1000]
233,Buses,5,3,2,3,800.0,10000,[0; 0],[1000; 1000]
234,Buses,2,3,2,11,800.0,10000,[0; 0; 0; 0; 0; 0; 0; 0; 0; 0],[1000; 1000; 1000; 1000; 1000; 1000; 1000; 1000; 1000; 1000]
235,Buses,5,3,17,18,800.0,10000,[0; 0],[1000; 1000]
236,Buses,3,3,15,16,800.0,10000,[0; 0],[1000; 1000]
237,Buses,4,3,17,18,800.0,10000,[0; 0],[1000; 1000]
238,Buses,3,3,16,17,800.0,10000,[0; 0],[1000; 1000]
239,Buses,4,3,15,18,800.0,10000,[0; 0; 0; 0],[1000; 1000; 1000; 1000]
240,Buses,1,4,0,5,800.0,10000,[0; 0; 0; 0; 0; 0],[1000; 1000; 1000; 1000; 1000; 1000]
241,Buses,3,4,2,4,800.0,10000,[0; 0; 0],[1000; 1000; 1000]
242,Buses,4,4,1,3,800.0,10000,[0; 0; 0],[1000; 1000; 1000]
243,Buses,2,4,2,4,800.0,10000,[0; 0; 0],[1000; 1000; 1000]
244,Buses,3,4,1,4,800.0,10000,[0; 0; 0; 0],[1000; 1000; 1000; 1000]
245,Buses,1,4,15,19,800.0,10000,[0; 0; 0; 0; 0],[1000; 1000; 1000; 1000; 1000]
246,Buses,2,4,15,18,800.0,10000,[0; 0; 0; 0],[1000; 1000; 1000; 1000]
247,Buses,4,4,16,18,800.0,10000,[0; 0; 0],[1000; 1000; 1000]
248,Buses,3,4,17,20,800.0,10000,[0; 0; 0; 0],[1000; 1000; 1000; 1000]
249,Buses,5,4,16,20,800.0,10000,[0; 0; 0; 0; 0],[1000; 1000; 1000; 1000; 1000]
250,Buses,1,5,1,5,800.0,10000,[0; 0; 0; 0; 0],[1000; 1000; 1000; 1000; 1000]
251,Buses,3,5,1,6,800.0,10000,[0; 0; 0; 0; 0; 0],[1000; 1000; 1000; 1000; 1000; 1000]
252,Buses,1,5,0,6,800.0,10000,[0; 0; 0; 0; 0; 0; 0],[1000; 1000; 1000; 1000; 1000; 1000; 1000]
253,Buses,5,5,0,2,800.0,10000,[0; 0; 0],[1000; 1000; 1000]
254,Buses,1,5,1,9,800.0,10000,[0; 0; 0; 0; 0; 0; 0; 0; 0],[1000; 1000; 1000; 1000; 1000; 1000; 1000; 1000; 1000]
255,Buses,2,5,16,21,800.0,10000,[0; 0; 0; 0; 0; 0],[1000; 1000; 1000; 1000; 1000; 1000]
256,Buses,4,5,18,19,800.0,10000,[0; 0],[1000; 1000]
257,Buses,2,5,18,22,800.0,10000,[0; 0; 0; 0; 0],[1000; 1000; 1000; 1000; 1000]
258,Buses,2,5,17,19,800.0,10000,[0; 0; 0],[1000; 1000; 1000]
259,Buses,2,5,15,20,800.0,10000,[0; 0; 0; 0; 0; 0],[1000; 1000; 1000; 1000; 1000; 1000]
260,Buses,4,6,3,4,800.0,10000,[0; 0],[1000; 1000]
261,Buses,2,6,1,5,800.0,10000,[0; 0; 0; 0; 0],[1000; 1000; 1000; 1000; 1000]
262,Buses,2,6,2,9,800.0,10000,[0; 0; 0; 0; 0; 0; 0; 0],[1000; 1000; 1000; 1000; 1000; 1000; 1000; 1000]
263,Buses,1,6,1,2,800.0,10000,[0; 0],[1000; 1000]
264,Buses,5,6,1,5,800.0,10000,[0; 0; 0; 0; 0],[1000; 1000; 1000; 1000; 1000]
265,Buses,3,6,15,19,800.0,10000,[0; 0; 0; 0; 0],[1000; 1000; 1000; 1000; 1000]
266,Buses,5,6,17,19,800.0,10000,[0; 0; 0],[1000; 1000; 1000]
267,Buses,4,6,18,23,800.0,10000,[0; 0; 0; 0; 0; 0],[1000; 1000; 1000; 1000; 1000; 1000]
268,Buses,5,6,16,17,800.0,10000,[0; 0],[1000; 1000]
269,Buses,4,6,15,21,800.0,10000,[0; 0; 0; 0; 0; 0; 0],[1000; 1000; 1000; 1000; 1000; 1000; 1000]
270,Buses,3,7,2,5,800.0,10000,[0; 0; 0; 0],[1000; 1000; 1000; 1000]
271,Buses,2,7,1,3,800.0,10000,[0; 0; 0],[1000; 1000; 1000]
272,Buses,4,7,1,4,800.0,10000,[0; 0; 0; 0],[1000; 1000; 1000; 1000]
273,Buses,5,7,2,5,800.0,10000,[0; 0; 0; 0],[1000; 1000; 1000; 1000]
274,Buses,3,7,2,4,800.0,10000,[0; 0; 0],[1000; 1000; 1000]
275,Buses,5,7,17,21,800.0,10000,[0; 0; 0; 0; 0],[1000; 1000; 1000; 1000; 1000]
276,Buses,4,7,16,21,800.0,10000,[0; 0; 0; 0; 0; 0],[1000; 1000; 1000; 1000; 1000; 1000]
277,Buses,5,7,16,19,800.0,10000,[0; 0; 0; 0],[1000; 1000; 1000; 1000]
278,Buses,5,7,18,19,800.0,10000,[0; 0],[1000; 1000]
279,Buses,3,7,17,19,800.0,10000,[0; 0; 0],[1000; 1000; 1000]
280,Two Wheelers,4,1,4,6,1500.0,10000,[0; 0; 0],[1000; 1000; 1000]
281,Two Wheelers,3,1,20,23,1500.0,10000,[0; 0; 0; 0],[1000; 1000; 1000; 1000]
282,Two Wheelers,4,1,16,17,1500.0,10000,[0; 0],[1000; 1000]
283,Two Wheelers,5,1,13,22,1500.0,10000,[0; 0; 0; 0; 0; 0; 0; 0; 0; 0],[1000; 1000; 1000; 1000; 1000; 1000; 1000; 1000; 1000; 1000]
284,Two Wheelers,3,1,4,7,1500.0,10000,[0; 0; 0; 0],[1000; 1000; 1000; 1000]
285,Two Wheelers,4,1,17,19,1500.0,10000,[0; 0; 0],[1000; 1000; 1000]
286,Two Wheelers,1,1,6,8,1500.0,10000,[0; 0; 0],[1000; 1000; 1000]
287,Two Wheelers,2,1,8,9,1500.0,10000,[0; 0],[1000; 1000]
288,Two Wheelers,1,1,16,18,1500.0,10000,[0; 0; 0],[1000; 1000; 1000]
289,Two Wheelers,4,1,21,23,1500.0,10000,[0; 0; 0],[1000; 1000; 1000]
290,Two Wheelers,4,2,6,10,1500.0,10000,[0; 0; 0; 0; 0],[1000; 1000; 1000; 1000; 1000]
291,Two Wheelers,3,2,17,19,1500.0,10000,[0; 0; 0],[1000; 1000; 1000]
292,Two Wheelers,4,2,18,19,1500.0,10000,[0; 0],[1000; 1000]
293,Two Wheelers,2,2,0,1,1500.0,10000,[0; 0],[1000; 1000]
294,Two Wheelers,1,2,3,4,1500.0,10000,[0; 0],[1000; 1000]
295,Two Wheelers,1,2,5,11,1500.0,10000,[0; 0; 0; 0; 0; 0; 0],[1000; 1000; 1000; 1000; 1000; 1000; 1000]
296,Two Wheelers,5,2,12,13,1500.0,10000,[0; 0],[1000; 1000]
297,Two Wheelers,3,2,19,20,1500.0,10000,[0; 0],[1000; 1000]
298,Two Wheelers,2,2,13,16,1500.0,10000,[0; 0; 0; 0],[1000; 1000; 1000; 1000]
299,Two Wheelers,3,2,17,19,1500.0,10000,[0; 0; 0],[1000; 1000; 1000]
300,Two Wheelers,3,3,16,17,1500.0,10000,[0; 0],[1000; 1000]
301,Two Wheelers,2,3,5,9,1500.0,10000,[0; 0; 0; 0; 0],[1000; 1000; 1000; 1000; 1000]
302,Two Wheelers,2,3,0,7,1500.0,10000,[0; 0; 0; 0; 0; 0; 0; 0],[1000; 1000; 1000; 1000; 1000; 1000; 1000; 1000]
303,Two Wheelers,4,3,12,15,1500.0,10000,[0; 0; 0; 0],[1000; 1000; 1000; 1000]
304,Two Wheelers,5,3,4,5,1500.0,10000,[0; 0],[1000; 1000]
305,Two Wheelers,2,3,11,12,1500.0,10000,[0; 0],[1000; 1000]
306,Two Wheelers,2,3,7,8,1500.0,10000,[0; 0],[1000; 1000]
307,Two Wheelers,5,3,19,22,1500.0,10000,[0; 0; 0; 0],[1000; 1000; 1000; 1000]
308,Two Wheelers,1,3,16,18,1500.0,10000,[0; 0; 0],[1000; 1000; 1000]
309,Two Wheelers,4,3,13,19,1500.0,10000,[0; 0; 0; 0; 0; 0; 0],[1000; 1000; 1000; 1000; 1000; 1000; 1000]
310,Two Wheelers,1,4,10,13,1500.0,10000,[0; 0; 0; 0],[1000; 1000; 1000; 1000]
311,Two Wheelers,4,4,4,9,1500.0,10000,[0; 0; 0; 0; 0; 0],[1000; 1000; 1000; 1000; 1000; 1000]
312,Two Wheelers,1,4,16,21,1500.0,10000,[0; 0; 0; 0; 0; 0],[1000; 1000; 1000; 1000; 1000; 1000]
313,Two Wheelers,2,4,16,20,1500.0,10000,[0; 0; 0; 0; 0],[1000; 1000; 1000; 1000; 1000]
314,Two Wheelers,5,4,4,6,1500.0,10000,[0; 0; 0],[1000; 1000; 1000]
315,Two Wheelers,2,4,5,6,1500.0,10000,[0; 0],[1000; 1000]
316,Two Wheelers,3,4,13,14,1500.0,10000,[0; 0],[1000; 1000]
317,Two Wheelers,5,4,6,7,1500.0,10000,[0; 0],[1000; 1000]
318,Two Wheelers,2,4,2,3,1500.0,10000,[0; 0],[1000; 1000]
319,Two Wheelers,3,4,14,18,1500.0,10000,[0; 0; 0; 0; 0],[1000; 1000; 1000; 1000; 1000]
320,Two Wheelers,1,5,4,8,1500.0,10000,[0; 0; 0; 0; 0],[1000; 1000; 1000; 1000; 1000]
321,Two Wheelers,5,5,0,1,1500.0,10000,[0; 0],[1000; 1000]
322,Two Wheelers,5,5,7,9,1500.0,10000,[0; 0; 0],[1000; 1000; 1000]
323,Two Wheelers,1,5,12,16,1500.0,10000,[0; 0; 0; 0; 0],[1000; 1000; 1000; 1000; 1000]
324,Two Wheelers,5,5,4,7,1500.0,10000,[0; 0; 0; 0],[1000; 1000; 1000; 1000]
325,Two Wheelers,2,5,6,11,1500.0,10000,[0; 0; 0; 0; 0; 0],[1000; 1000; 1000; 1000; 1000; 1000]
326,Two Wheelers,5,5,17,20,1500.0,10000,[0; 0; 0; 0],[1000; 1000; 1000; 1000]
327,Two Wheelers,2,5,14,17,1500.0,10000,[0; 0; 0; 0],[1000; 1000; 1000; 1000]
328,Two Wheelers,2,5,3,4,1500.0,10000,[0; 0],[1000; 1000]
329,Two Wheelers,2,5,16,17,1500.0,10000,[0; 0],[1000; 1000]
330,Two Wheelers,4,6,16,21,1500.0,10000,[0; 0; 0; 0; 0; 0],[1000; 1000; 1000; 1000; 1000; 1000]
331,Two Wheelers,5,6,21,22,1500.0,10000,[0; 0],[1000; 1000]
332,Two Wheelers,3,6,17,19,1500.0,10000,[0; 0; 0],[1000; 1000; 1000]
333,Two Wheelers,4,6,19,21,1500.0,10000,[0; 0; 0],[1000; 1000; 1000]
334,Two Wheelers,3,6,16,17,1500.0,10000,[0; 0],[1000; 1000]
335,Two Wheelers,5,6,9,10,1500.0,10000,[0; 0],[1000; 1000]
336,Two Wheelers,5,6,15,20,1500.0,10000,[0; 0; 0; 0; 0; 0],[1000; 1000; 1000; 1000; 1000; 1000]
337,Two Wheelers,4,6,16,19,1500.0,10000,[0; 0; 0; 0],[1000; 1000; 1000; 1000]
338,Two Wheelers,2,6,10,11,1500.0,10000,[0; 0],[1000; 1000]
339,Two Wheelers,1,6,14,16,1500.0,10000,[0; 0; 0],[1000; 1000; 1000]
340,Two Wheelers,3,7,11,13,1500.0,10000,[0; 0; 0],[1000; 1000; 1000]
341,Two Wheelers,1,7,14,18,1500.0,10000,[0; 0; 0; 0; 0],[1000; 1000; 1000; 1000; 1000]
342,Two Wheelers,1,7,4,7,1500.0,10000,[0; 0; 0; 0],[1000; 1000; 1000; 1000]
343,Two Wheelers,1,7,4,6,1500.0,10000,[0; 0; 0],[1000; 1000; 1000]
344,Two Wheelers,5,7,16,17,1500.0,10000,[0; 0],[1000; 1000]
345,Two Wheelers,5,7,20,21,1500.0,10000,[0; 0],[1000; 1000]
346,Two Wheelers,1,7,10,13,1500.0,10000,[0; 0; 0; 0],[1000; 1000; 1000; 1000]
347,Two Wheelers,3,7,10,14,1500.0,10000,[0; 0; 0; 0; 0],[1000; 1000; 1000; 1000; 1000]
348,Two Wheelers,1,7,13,17,1500.0,10000,[0; 0; 0; 0; 0],[1000; 1000; 1000; 1000; 1000]
349,Two Wheelers,3,7,9,14,1500.0,10000,[0; 0; 0; 0; 0; 0],[1000; 1000; 1000; 1000; 1000; 1000]
